ID,Ubication,Level,Zone,Income,Employees,Taxes,SPAM
AB001,c1k1,Small,A,281,41,3,no
AB002,c1k2,Small,A,329,19,4,yes
AB003,c1k3,Small,A,405,68,7,no
AB004,c1k4,Small,A,360,89,5,no
AB005,c1k5,Small,A,391,91,7,yes
AB006,c1k6,Small,A,296,89,3,no
AB007,c1k7,Small,A,490,22,10.5,yes
AB008,c1k8,Small,A,473,57,10,yes
AB009,c1k9,Small,A,350,84,5,yes
AB010,c1k10,Small,A,361,25,5,no
AB011,c1k11,Small,A,374,34,6,yes
AB012,c1k12,Small,A,419,20,7,no
AB013,c1k13,Small,A,402,19,7,yes
AB014,c1k14,Small,A,330,23,4,yes
AB015,c1k15,Small,A,411,36,7,no
AB016,c1k16,Small,A,340,12,5,no
AB017,c1k17,Small,A,311,34,4,no
AB018,c1k18,Small,A,342,40,5,yes
AB019,c1k19,Small,A,342,60,5,yes
AB020,c1k20,Small,A,404,47,7,no
AB021,c1k21,Small,A,425,49,8,yes
AB022,c1k22,Small,A,381,42,6,yes
AB023,c1k23,Small,A,450,94,9,no
AB024,c1k24,Small,A,411,56,7,yes
AB025,c1k25,Small,A,365,49,6,yes
AB026,c1k26,Small,A,380,38,6,no
AB027,c1k27,Small,A,400,95,7,yes
AB028,c1k28,Small,A,450,86,9,yes
AB029,c1k29,Small,A,310,94,4,yes
AB030,c1k30,Small,A,354,33,5,yes
AB031,c1k31,Small,A,378,94,6,yes
AB032,c1k32,Small,A,380,18,6,yes
AB033,c1k33,Small,A,334,72,5,yes
AB034,c1k34,Small,A,350,80,5,no
AB035,c1k35,Small,A,381,94,6,no
AB036,c1k36,Small,A,343,52,5,yes
AB037,c1k37,Small,A,381,38,6,yes
AB038,c1k38,Small,A,462,84,9,yes
AB039,c1k39,Small,A,360,41,5,yes
AB040,c1k40,Small,A,491,86,10.5,yes
AB041,c1k41,Small,A,340,20,5,yes
AB042,c1k42,Small,A,444,34,8,yes
AB043,c1k43,Small,A,440,22,8,yes
AB044,c1k44,Small,A,337,44,5,no
AB045,c1k45,Small,A,365,53,6,yes
AB046,c1k46,Small,A,346,56,5,no
AB047,c1k47,Small,A,341,44,5,yes
AB048,c1k48,Small,A,422,101,8,yes
AB050,c1k49,Small,A,334,16,5,no
AB051,c1k50,Small,A,430,37,8,no
AB053,c1k51,Small,A,400,15,7,yes
AB054,c1k52,Small,A,380,90,6,yes
AB055,c1k53,Small,A,348,20,5,yes
AB056,c1k54,Small,A,310,30,4,yes
AB057,c1k55,Small,A,345,76,5,yes
AB059,c1k56,Small,A,350,68,5,yes
AB060,c1k57,Small,A,493,90,10.5,no
AB061,c1k58,Small,A,363,73,6,no
AB062,c1k59,Small,A,470,28,10,yes
AB063,c1k60,Small,A,430,29,8,no
AB064,c1k61,Small,A,350,76,5,no
AB065,c1k62,Small,A,456,71,9,yes
AB066,c1k63,Small,A,340,28,5,yes
AB067,c1k64,Small,A,475,57,10,no
AB068,c1k65,Small,A,360,61,5,no
AB069,c1k66,Small,A,392,75,7,no
AB070,c1k67,Small,A,331,60,4,yes
AB071,c1k68,Small,A,360,29,5,yes
AB072,c1k69,Small,A,390,95,7,yes
AB074,c1k70,Small,A,330,67,4,no
AB075,c1k71,Small,A,360,57,5,yes
AB077,c1k72,Small,A,363,81,5,yes
AB078,c1k73,Small,A,330,79,4,yes
AB079,c1k74,Small,A,401,39,7,no
AB080,c1k75,Small,A,416,32,7,yes
AB081,c1k76,Small,A,313,82,4,no
AB082,c1k77,Small,A,410,24,7,yes
AB083,c1k78,Small,A,210,10,1,no
AB084,c1k79,Small,A,304,74,4,no
AB085,c1k80,Small,A,401,79,7,yes
AB086,c1k81,Small,A,330,95,4,no
AB087,c1k82,Small,A,238,83,2,yes
AB088,c1k83,Small,A,260,84,2,yes
AB089,c1k84,Small,A,481,65,10.5,yes
AB092,c1k85,Small,A,490,66,10.5,yes
AB099,c1k86,Small,A,456,75,9,yes
AB100,c1k87,Small,A,490,62,10.5,yes
AB101,c1k88,Small,A,494,34,10.5,no
AB1044,c1k89,Small,A,491,26,10.5,no
AB106,c1k90,Small,A,450,87,9,yes
AB1098,c1k91,Small,A,285,65,3,no
AB1118,c1k92,Small,A,460,79,9,no
AB113,c1k93,Small,A,441,66,8,no
AB1135,c1k94,Small,A,470,32,10,yes
AB1151,c1k95,Small,A,490,98,10.5,yes
AB116,c1k96,Small,A,480,53,10,no
AB117,c1k97,Small,A,378,30,6,no
AB1193,c1k98,Small,B,490,38,10.5,yes
AB1194,c1k99,Small,B,480,49,10,no
AB121,c2k1,Small,B,490,50,10.5,yes
AB1219,c2k2,Small,B,437,41,8,yes
AB122,c2k3,Small,B,66,69,0.5,yes
AB1224,c2k4,Small,B,447,78,9,no
AB1226,c2k5,Small,B,440,42,8,no
AB1229,c2k6,Small,B,388,91,6,no
AB123,c2k7,Small,B,120,6,0.5,no
AB1238,c2k8,Small,B,450,79,9,no
AB124,c2k9,Small,B,145,43,0.5,no
AB1241,c2k10,Small,B,428,61,8,no
AB125,c2k11,Small,B,211,26,1,yes
AB1252,c2k12,Small,B,480,45,10,yes
AB126,c2k13,Small,B,65,69,0.5,yes
AB127,c2k14,Small,B,146,71,0.5,no
AB128,c2k15,Small,B,1,57,0.5,yes
AB129,c2k16,Small,B,10,65,0.5,no
AB1293,c2k17,Small,B,494,102,10.5,yes
AB130,c2k18,Small,B,160,56,1,yes
AB1305,c2k19,Small,B,436,77,8,yes
AB131,c2k20,Small,B,84,81,0.5,yes
AB132,c2k21,Small,B,125,34,0.5,no
AB133,c2k22,Small,B,28,73,0.5,yes
AB1332,c2k23,Small,B,270,56,3,no
AB1333,c2k24,Small,B,312,82,4,no
AB1334,c2k25,Small,B,230,42,2,yes
AB1335,c2k26,Small,B,290,29,3,yes
AB1336,c2k27,Small,B,231,79,2,no
AB1337,c2k28,Small,B,270,32,3,no
AB1338,c2k29,Small,B,282,69,3,yes
AB1339,c2k30,Small,B,320,71,4,yes
AB134,c2k31,Small,B,202,37,1,yes
AB1340,c2k32,Small,B,222,34,2,yes
AB1341,c2k33,Small,B,304,18,4,no
AB1342,c2k34,Small,B,290,93,3,yes
AB1343,c2k35,Small,B,340,36,5,no
AB1344,c2k36,Small,B,320,55,4,no
AB1345,c2k37,Small,B,330,47,4,yes
AB1346,c2k38,Small,B,340,96,5,yes
AB1347,c2k39,Small,B,340,88,5,yes
AB1348,c2k40,Small,B,211,74,1,no
AB1349,c2k41,Small,B,250,83,2,yes
AB135,c2k42,Small,B,211,54,1,yes
AB1350,c2k43,Small,B,280,69,3,no
AB1351,c2k44,Small,B,245,39,2,no
AB1352,c2k45,Small,B,273,16,3,yes
AB1353,c2k46,Small,B,240,83,2,yes
AB1354,c2k47,Small,B,310,42,4,no
AB1355,c2k48,Small,B,266,16,3,no
AB1356,c2k49,Small,B,315,75,4,yes
AB1357,c2k50,Small,B,350,77,5,no
AB1358,c2k51,Small,B,384,70,6,no
AB1359,c2k52,Small,B,370,70,6,yes
AB136,c2k53,Small,B,75,21,0.5,yes
AB1360,c2k54,Small,B,310,74,4,no
AB1361,c2k55,Small,B,301,70,4,no
AB1362,c2k56,Small,B,250,79,2,yes
AB1363,c2k57,Small,B,320,11,4,no
AB1364,c2k58,Small,B,257,64,2,yes
AB1365,c2k59,Small,B,240,87,2,yes
AB1366,c2k60,Small,B,230,10,2,yes
AB1367,c2k61,Small,B,200,49,1,yes
AB1368,c2k62,Small,B,262,84,2,yes
AB1369,c2k63,Small,B,310,90,4,yes
AB137,c2k64,Small,B,109,50,0.5,yes
AB1370,c2k65,Small,B,310,58,4,yes
AB1371,c2k66,Small,B,305,90,4,no
AB1372,c2k67,Small,B,318,51,4,yes
AB1373,c2k68,Small,B,355,33,5,yes
AB1374,c2k69,Small,B,314,78,4,yes
AB1375,c2k70,Small,B,265,48,3,yes
AB1376,c2k71,Small,B,260,80,2,yes
AB1377,c2k72,Small,B,280,65,3,yes
AB1378,c2k73,Small,B,310,86,4,no
AB1379,c2k74,Small,B,245,43,2,no
AB138,c2k75,Small,B,70,17,0.5,no
AB1380,c2k76,Small,B,301,14,4,yes
AB1381,c2k77,Small,B,251,7,2,yes
AB1382,c2k78,Small,B,319,55,4,yes
AB1383,c2k79,Small,B,319,63,4,yes
AB1384,c2k80,Small,B,312,50,4,no
AB1385,c2k81,Small,B,340,60,5,yes
AB1386,c2k82,Small,B,250,59,2,yes
AB1387,c2k83,Small,B,260,88,2,yes
AB1388,c2k84,Small,B,198,49,1,no
AB1389,c2k85,Small,B,188,17,1,yes
AB139,c2k86,Small,B,76,9,0.5,yes
AB1390,c2k87,Small,B,210,54,1,no
AB1391,c2k88,Small,B,290,77,3,no
AB1392,c2k89,Small,B,313,14,4,no
AB1393,c2k90,Small,B,260,32,2,yes
AB1394,c2k91,Small,B,296,69,3,no
AB1395,c2k92,Small,B,339,48,5,no
AB1396,c2k93,Small,B,325,43,4,yes
AB1397,c2k94,Small,B,350,48,5,yes
AB1398,c2k95,Small,B,330,39,4,yes
AB1399,c2k96,Small,B,230,23,2,yes
AB140,c2k97,Small,B,108,66,0.5,yes
AB1400,c2k98,Small,B,220,50,2,no
AB1401,c2k99,Small,B,201,81,1,yes
AB1402,c3k1,Small,B,280,61,3,yes
AB1403,c3k2,Small,B,310,54,4,yes
AB1404,c3k3,Small,B,334,60,5,yes
AB1405,c3k4,Small,B,290,57,3,yes
AB1406,c3k5,Small,B,310,50,4,yes
AB1407,c3k6,Small,B,302,18,4,yes
AB1408,c3k7,Small,B,263,56,3,yes
AB1409,c3k8,Small,B,261,56,2,no
AB141,c3k9,Small,B,128,66,0.5,yes
AB1410,c3k10,Small,B,198,25,1,no
AB1411,c3k11,Small,B,300,70,3,no
AB1412,c3k12,Small,B,314,58,4,yes
AB1413,c3k13,Small,B,199,49,1,no
AB1414,c3k14,Small,B,280,77,3,no
AB1415,c3k15,Small,B,240,87,2,yes
AB1416,c3k16,Small,B,300,18,3,yes
AB1417,c3k17,Small,B,310,18,4,yes
AB1418,c3k18,Small,B,370,74,6,no
AB1419,c3k19,Small,B,338,88,5,yes
AB142,c3k20,Small,B,183,20,1,no
AB1420,c3k21,Small,B,201,5,1,no
AB1421,c3k22,Small,B,370,30,6,no
AB1422,c3k23,Small,B,295,57,3,no
AB1423,c3k24,Small,B,235,63,2,yes
AB1424,c3k25,Small,B,236,19,2,yes
AB1425,c3k26,Small,B,287,25,3,yes
AB1426,c3k27,Small,B,330,67,4,yes
AB1427,c3k28,Small,B,300,57,3,yes
AB1428,c3k29,Small,B,300,33,3,yes
AB1429,c3k30,Small,B,370,58,6,no
AB143,c3k31,Small,B,54,17,0.5,no
AB1430,c3k32,Small,B,250,23,2,no
AB1431,c3k33,Small,B,240,79,2,no
AB1432,c3k34,Small,B,240,87,2,yes
AB1433,c3k35,Small,B,211,26,1,yes
AB1434,c3k36,Small,B,257,44,2,yes
AB1435,c3k37,Small,B,252,52,2,no
AB1436,c3k38,Small,B,215,86,2,no
AB1437,c3k39,Small,B,240,67,2,no
AB1438,c3k40,Small,B,290,89,3,yes
AB1439,c3k41,Small,B,297,57,3,no
AB144,c3k42,Small,B,103,81,0.5,no
AB1440,c3k43,Small,B,270,28,3,yes
AB1441,c3k44,Small,B,351,29,5,yes
AB1442,c3k45,Small,B,301,86,4,no
AB1443,c3k46,Small,B,310,78,4,yes
AB1444,c3k47,Small,B,390,19,7,yes
AB1445,c3k48,Small,B,312,86,4,yes
AB1446,c3k49,Small,B,333,48,5,yes
AB1447,c3k50,Small,B,340,24,5,yes
AB1448,c3k51,Small,B,301,14,4,yes
AB1449,c3k52,Small,B,470,36,10,yes
AB145,c3k53,Small,B,62,57,0.5,no
AB1450,c3k54,Small,B,334,80,5,no
AB1451,c3k55,Small,B,232,47,2,no
AB1452,c3k56,Small,B,294,49,3,no
AB1453,c3k57,Small,B,290,57,3,yes
AB1454,c3k58,Small,B,335,44,5,yes
AB1455,c3k59,Small,B,270,76,3,yes
AB1456,c3k60,Small,B,225,34,2,no
AB1457,c3k61,Small,B,330,96,4,yes
AB1458,c3k62,Small,B,320,75,4,no
AB1459,c3k63,Small,B,204,65,1,yes
AB146,c3k64,Small,B,82,13,0.5,no
AB1460,c3k65,Small,B,300,78,3,yes
AB1461,c3k66,Small,B,268,84,3,yes
AB1462,c3k67,Small,B,330,32,4,yes
AB1463,c3k68,Small,B,350,45,5,yes
AB1464,c3k69,Small,B,314,18,4,no
AB1465,c3k70,Small,B,258,84,2,no
AB1466,c3k71,Small,B,209,78,1,yes
AB1467,c3k72,Small,B,290,57,3,yes
AB1468,c3k73,Small,B,225,6,2,no
AB1469,c3k74,Small,B,200,65,1,yes
AB147,c3k75,Small,B,144,63,0.5,yes
AB1470,c3k76,Small,B,278,85,3,yes
AB1471,c3k77,Small,B,281,25,3,yes
AB1472,c3k78,Small,B,373,90,6,yes
AB1473,c3k79,Small,B,315,35,4,yes
AB1474,c3k80,Small,B,248,27,2,yes
AB1475,c3k81,Small,B,210,10,1,yes
AB1476,c3k82,Small,B,260,84,2,yes
AB1477,c3k83,Small,B,307,26,4,yes
AB1478,c3k84,Small,B,267,88,3,no
AB1479,c3k85,Small,B,271,20,3,no
AB148,c3k86,Small,B,91,29,0.5,no
AB1480,c3k87,Small,B,210,14,1,yes
AB1481,c3k88,Small,B,220,86,2,no
AB1482,c3k89,Small,B,250,51,2,no
AB1483,c3k90,Small,B,278,61,3,yes
AB1484,c3k91,Small,B,337,84,5,no
AB1485,c3k92,Small,B,300,90,3,no
AB1486,c3k93,Small,B,320,51,4,no
AB1487,c3k94,Small,B,280,21,3,yes
AB1488,c3k95,Small,B,209,30,1,yes
AB1489,c3k96,Small,B,333,80,5,no
AB149,c3k97,Small,B,118,70,0.5,no
AB1490,c3k98,Small,B,245,67,2,no
AB1491,c3k99,Small,B,296,13,3,yes
AB1492,c4k1,Small,B,224,14,2,yes
AB1493,c4k2,Small,B,225,42,2,no
AB1494,c4k3,Small,B,215,30,2,yes
AB1495,c4k4,Small,B,240,31,2,yes
AB1496,c4k5,Small,B,202,73,1,no
AB1497,c4k6,Small,B,330,27,4,yes
AB1498,c4k7,Small,B,360,53,5,yes
AB1499,c4k8,Small,B,230,43,2,no
AB150,c4k9,Small,B,102,81,0.5,no
AB1500,c4k10,Small,B,190,13,1,no
AB1501,c4k11,Small,B,250,23,2,yes
AB1502,c4k12,Small,B,253,44,2,yes
AB1503,c4k13,Small,B,273,20,3,yes
AB1504,c4k14,Small,B,316,19,4,yes
AB1505,c4k15,Small,B,345,12,5,yes
AB1506,c4k16,Small,B,275,68,3,yes
AB1507,c4k17,Small,B,230,38,2,yes
AB1508,c4k18,Small,B,280,65,3,no
AB1509,c4k19,Small,B,227,6,2,yes
AB151,c4k20,Small,B,159,76,1,yes
AB1510,c4k21,Small,B,260,12,2,yes
AB1511,c4k22,Small,B,360,37,5,no
AB1512,c4k23,Small,B,239,19,2,yes
AB1513,c4k24,Small,B,196,45,1,yes
AB1514,c4k25,Small,B,232,55,2,no
AB1515,c4k26,Small,B,241,87,2,yes
AB1516,c4k27,Small,B,260,32,2,yes
AB1517,c4k28,Small,B,208,22,1,no
AB1518,c4k29,Small,B,375,34,6,yes
AB1519,c4k30,Small,B,310,70,4,yes
AB152,c4k31,Small,B,193,81,1,no
AB1520,c4k32,Small,B,353,21,5,yes
AB1521,c4k33,Small,B,344,84,5,yes
AB1522,c4k34,Small,B,201,85,1,yes
AB1523,c4k35,Small,B,316,31,4,yes
AB1524,c4k36,Small,B,290,53,3,yes
AB1525,c4k37,Small,B,300,26,4,yes
AB1526,c4k38,Small,B,218,70,2,yes
AB1527,c4k39,Small,B,206,53,1,no
AB1528,c4k40,Small,B,235,51,2,no
AB1529,c4k41,Small,B,266,20,3,yes
AB153,c4k42,Small,B,166,36,1,yes
AB1530,c4k43,Small,B,328,75,4,yes
AB1531,c4k44,Small,B,295,49,3,yes
AB1532,c4k45,Small,B,271,80,3,yes
AB1533,c4k46,Small,B,344,24,5,yes
AB1534,c4k47,Small,B,234,71,2,no
AB1535,c4k48,Small,B,194,81,1,yes
AB1536,c4k49,Small,B,249,19,2,yes
AB1537,c4k50,Small,B,188,61,1,yes
AB1538,c4k51,Small,B,280,13,3,yes
AB1539,c4k52,Small,B,314,54,4,no
AB154,c4k53,Small,B,82,73,0.5,yes
AB1540,c4k54,Small,B,300,82,3,no
AB1541,c4k55,Small,B,310,54,4,yes
AB1542,c4k56,Small,B,188,25,1,no
AB1543,c4k57,Small,B,318,71,4,yes
AB1544,c4k58,Small,B,245,63,2,yes
AB1545,c4k59,Small,B,235,71,2,no
AB1546,c4k60,Small,B,220,22,2,yes
AB1547,c4k61,Small,B,258,68,2,yes
AB1548,c4k62,Small,B,245,87,2,no
AB1549,c4k63,Small,B,218,54,2,no
AB155,c4k64,Small,B,72,29,0.5,yes
AB1550,c4k65,Small,B,270,60,3,yes
AB1551,c4k66,Small,B,286,89,3,no
AB1552,c4k67,Small,B,227,6,2,yes
AB1553,c4k68,Small,B,268,52,3,no
AB1554,c4k69,Small,B,220,42,2,yes
AB1555,c4k70,Small,B,268,80,3,no
AB1556,c4k71,Small,B,313,86,4,yes
AB1557,c4k72,Small,B,290,89,3,yes
AB1558,c4k73,Small,B,206,10,1,yes
AB1559,c4k74,Small,B,260,76,2,no
AB156,c4k75,Small,B,83,57,0.5,yes
AB1560,c4k76,Small,B,270,72,3,yes
AB1561,c4k77,Small,B,317,67,4,yes
AB1562,c4k78,Small,B,296,45,3,yes
AB1563,c4k79,Small,B,380,94,6,no
AB1564,c4k80,Small,B,300,66,3,no
AB1565,c4k81,Small,B,206,46,1,no
AB1566,c4k82,Small,B,260,48,2,yes
AB1567,c4k83,Small,B,270,48,3,no
AB1568,c4k84,Small,B,310,14,4,yes
AB1569,c4k85,Small,B,345,68,5,yes
AB157,c4k86,Small,B,185,52,1,yes
AB1570,c4k87,Small,B,280,73,3,no
AB1571,c4k88,Small,B,290,45,3,yes
AB1572,c4k89,Small,B,270,76,3,no
AB1573,c4k90,Small,B,248,83,2,yes
AB1574,c4k91,Small,B,230,86,2,no
AB1575,c4k92,Small,B,273,16,3,yes
AB1576,c4k93,Small,B,260,68,2,yes
AB1577,c4k94,Small,B,313,46,4,yes
AB1578,c4k95,Small,B,315,31,4,no
AB1579,c4k96,Small,B,238,71,2,yes
AB158,c4k97,Small,B,76,85,0.5,yes
AB1580,c4k98,Small,B,299,85,3,no
AB1581,c4k99,Small,B,235,55,2,no
AB1582,c5k1,Small,B,328,39,4,no
AB1583,c5k2,Small,B,277,45,3,yes
AB1584,c5k3,Small,B,230,18,2,yes
AB1585,c5k4,Small,B,300,54,3,yes
AB1586,c5k5,Small,B,261,40,2,no
AB1587,c5k6,Small,B,230,70,2,yes
AB1588,c5k7,Small,B,375,22,6,no
AB1589,c5k8,Small,B,268,68,3,no
AB159,c5k9,Small,B,65,73,0.5,yes
AB1590,c5k10,Small,B,304,26,4,yes
AB1591,c5k11,Small,B,285,65,3,yes
AB1592,c5k12,Small,B,336,72,5,yes
AB1593,c5k13,Small,B,293,81,3,yes
AB1594,c5k14,Small,B,264,44,3,no
AB1595,c5k15,Small,B,343,60,5,no
AB1596,c5k16,Small,B,243,35,2,no
AB1597,c5k17,Small,B,222,66,2,yes
AB1598,c5k18,Small,B,292,89,3,no
AB1599,c5k19,Small,B,268,44,3,no
AB160,c5k20,Small,B,179,16,1,no
AB1600,c5k21,Small,B,209,22,1,no
AB1601,c5k22,Small,B,307,74,4,no
AB1602,c5k23,Small,B,305,90,4,no
AB1603,c5k24,Small,B,226,30,2,yes
AB1604,c5k25,Small,B,315,27,4,yes
AB1605,c5k26,Small,B,319,83,4,yes
AB1606,c5k27,Small,B,279,57,3,yes
AB1607,c5k28,Small,B,304,66,4,yes
AB1608,c5k29,Small,B,303,94,4,yes
AB1609,c5k30,Small,B,260,32,2,yes
AB161,c5k31,Small,B,162,24,1,yes
AB1610,c5k32,Small,B,291,85,3,no
AB1611,c5k33,Small,B,213,38,1,no
AB1612,c5k34,Small,B,230,14,2,no
AB1613,c5k35,Small,B,319,83,4,no
AB1614,c5k36,Small,B,276,16,3,yes
AB1615,c5k37,Small,B,233,35,2,yes
AB1616,c5k38,Small,B,278,17,3,yes
AB1617,c5k39,Small,B,302,22,4,yes
AB1618,c5k40,Small,B,313,70,4,yes
AB1619,c5k41,Small,B,223,54,2,no
AB162,c5k42,Small,B,163,8,1,yes
AB1620,c5k43,Small,B,279,93,3,yes
AB1621,c5k44,Small,B,276,57,3,no
AB1622,c5k45,Small,B,223,82,2,no
AB1623,c5k46,Small,B,341,52,5,yes
AB1624,c5k47,Small,B,291,45,3,yes
AB1625,c5k48,Small,B,303,54,4,yes
AB1626,c5k49,Small,B,331,16,4,no
AB1627,c5k50,Small,B,295,29,3,yes
AB1628,c5k51,Small,B,329,87,4,yes
AB1629,c5k52,Small,B,266,56,3,yes
AB163,c5k53,Small,B,101,29,0.5,yes
AB1630,c5k54,Small,B,236,31,2,yes
AB1631,c5k55,Small,B,226,18,2,no
AB1632,c5k56,Small,B,281,85,3,no
AB1633,c5k57,Small,B,338,96,5,yes
AB1634,c5k58,Small,B,326,79,4,no
AB1635,c5k59,Small,B,338,52,5,yes
AB1636,c5k60,Small,B,251,23,2,no
AB1637,c5k61,Small,B,230,47,2,yes
AB1638,c5k62,Small,B,264,40,3,no
AB1639,c5k63,Small,B,331,40,4,yes
AB164,c5k64,Small,B,1,69,0.5,no
AB1640,c5k65,Small,B,280,41,3,yes
AB1641,c5k66,Small,B,217,58,2,yes
AB1642,c5k67,Small,B,235,75,2,no
AB1643,c5k68,Small,B,233,55,2,no
AB1644,c5k69,Small,B,235,11,2,no
AB1645,c5k70,Small,B,209,50,1,no
AB1646,c5k71,Small,B,334,76,5,no
AB1647,c5k72,Small,B,354,49,5,no
AB1648,c5k73,Small,B,407,20,7,yes
AB1649,c5k74,Small,B,234,11,2,yes
AB165,c5k75,Small,B,149,19,0.5,yes
AB1650,c5k76,Small,B,236,59,2,yes
AB1651,c5k77,Small,B,182,28,1,yes
AB1652,c5k78,Small,B,369,97,6,yes
AB1653,c5k79,Small,B,229,42,2,yes
AB1654,c5k80,Small,B,280,77,3,yes
AB1655,c5k81,Small,B,305,86,4,yes
AB1656,c5k82,Small,B,233,35,2,no
AB1657,c5k83,Small,B,251,12,2,yes
AB1658,c5k84,Small,B,280,25,3,yes
AB1659,c5k85,Small,B,278,53,3,yes
AB166,c5k86,Small,B,168,56,1,yes
AB1660,c5k87,Small,B,244,75,2,yes
AB1661,c5k88,Small,B,217,6,2,yes
AB1662,c5k89,Small,B,243,27,2,yes
AB1663,c5k90,Small,B,292,57,3,no
AB1664,c5k91,Small,B,273,56,3,yes
AB1665,c5k92,Small,B,265,48,3,no
AB1666,c5k93,Small,B,275,44,3,no
AB1667,c5k94,Small,B,299,89,3,no
AB1668,c5k95,Small,B,336,80,5,yes
AB1669,c5k96,Small,B,271,16,3,yes
AB167,c5k97,Small,B,45,29,0.5,yes
AB1670,c5k98,Small,B,222,38,2,yes
AB1671,c5k99,Small,B,231,23,2,yes
AB1672,c6k1,Small,B,270,44,3,no
AB1673,c6k2,Small,B,242,55,2,no
AB1674,c6k3,Small,B,282,25,3,yes
AB1675,c6k4,Small,B,356,81,5,yes
AB1676,c6k5,Small,B,296,45,3,yes
AB1677,c6k6,Small,B,248,71,2,no
AB1678,c6k7,Small,B,235,27,2,yes
AB1679,c6k8,Small,B,250,59,2,yes
AB168,c6k9,Small,B,87,9,0.5,yes
AB1680,c6k10,Small,B,235,91,2,yes
AB1681,c6k11,Small,B,247,75,2,yes
AB1682,c6k12,Small,B,298,21,3,yes
AB1683,c6k13,Small,B,332,92,4,no
AB1684,c6k14,Small,B,340,44,5,no
AB1685,c6k15,Small,B,235,15,2,no
AB1686,c6k16,Small,B,269,36,3,yes
AB1687,c6k17,Small,B,315,63,4,yes
AB1688,c6k18,Small,B,137,23,0.5,yes
AB1689,c6k19,Small,B,165,64,1,no
AB169,c6k20,Small,B,77,37,0.5,yes
AB1690,c6k21,Small,B,180,64,1,no
AB1691,c6k22,Small,B,167,8,1,no
AB1692,c6k23,Small,B,130,14,0.5,yes
AB1693,c6k24,Small,B,169,84,1,yes
AB1694,c6k25,Small,B,170,52,1,no
AB1695,c6k26,Small,B,204,73,1,no
AB1696,c6k27,Small,B,212,14,1,no
AB1697,c6k28,Small,B,159,12,1,yes
AB1698,c6k29,Small,B,171,36,1,no
AB1699,c6k30,Small,B,176,40,1,yes
AB170,c6k31,Small,B,75,73,0.5,yes
AB1700,c6k32,Small,B,217,78,2,yes
AB1701,c6k33,Small,B,195,37,1,no
AB1702,c6k34,Small,B,226,66,2,yes
AB1703,c6k35,Small,B,230,75,2,no
AB1704,c6k36,Small,B,189,25,1,yes
AB1705,c6k37,Small,B,180,24,1,yes
AB1706,c6k38,Small,B,123,34,0.5,yes
AB1707,c6k39,Small,B,173,64,1,no
AB1708,c6k40,Small,B,154,7,1,yes
AB1709,c6k41,Small,B,220,82,2,no
AB171,c6k42,Small,B,77,81,0.5,yes
AB1710,c6k43,Small,B,1,45,0.5,yes
AB1711,c6k44,Small,B,180,12,1,yes
AB1712,c6k45,Small,B,172,48,1,yes
AB1713,c6k46,Small,B,55,81,0.5,yes
AB1714,c6k47,Small,B,130,50,0.5,no
AB1715,c6k48,Small,B,229,82,2,no
AB1716,c6k49,Small,B,125,74,0.5,no
AB1717,c6k50,Small,B,140,59,0.5,no
AB1718,c6k51,Small,B,188,25,1,yes
AB1719,c6k52,Small,B,213,34,1,yes
AB172,c6k53,Small,B,80,77,0.5,yes
AB1720,c6k54,Small,B,125,58,0.5,no
AB1721,c6k55,Small,B,142,67,0.5,no
AB1722,c6k56,Small,B,153,19,1,no
AB1723,c6k57,Small,B,169,4,1,yes
AB1724,c6k58,Small,B,195,45,1,no
AB1725,c6k59,Small,B,130,74,0.5,no
AB1726,c6k60,Small,B,80,69,0.5,no
AB1727,c6k61,Small,B,170,32,1,no
AB1728,c6k62,Small,B,145,23,0.5,yes
AB1729,c6k63,Small,B,106,53,0.5,yes
AB173,c6k64,Small,B,144,15,0.5,yes
AB1730,c6k65,Small,B,200,65,1,no
AB1731,c6k66,Small,B,190,9,1,yes
AB1732,c6k67,Small,B,222,82,2,yes
AB1733,c6k68,Small,B,135,83,0.5,yes
AB1734,c6k69,Small,B,137,23,0.5,no
AB1735,c6k70,Small,B,120,78,0.5,no
AB1736,c6k71,Small,B,130,66,0.5,no
AB1737,c6k72,Small,B,219,74,2,no
AB1738,c6k73,Small,B,1,13,0.5,no
AB1739,c6k74,Small,B,124,78,0.5,yes
AB174,c6k75,Small,B,25,29,0.5,no
AB1740,c6k76,Small,B,206,82,1,no
AB1741,c6k77,Small,B,143,7,0.5,yes
AB1742,c6k78,Small,B,190,21,1,yes
AB1743,c6k79,Small,B,196,89,1,yes
AB1744,c6k80,Small,B,10,29,0.5,yes
AB1745,c6k81,Small,B,110,30,0.5,no
AB1746,c6k82,Small,B,141,67,0.5,yes
AB1747,c6k83,Small,B,150,35,1,yes
AB1748,c6k84,Small,B,193,9,1,yes
AB1749,c6k85,Small,B,179,48,1,yes
AB175,c6k86,Small,B,71,69,0.5,no
AB1750,c6k87,Small,B,164,72,1,yes
AB1751,c6k88,Small,B,170,36,1,yes
AB1752,c6k89,Small,B,140,59,0.5,no
AB1753,c6k90,Small,B,164,84,1,yes
AB1754,c6k91,Small,B,145,59,0.5,yes
AB1755,c6k92,Small,B,135,47,0.5,no
AB1756,c6k93,Small,B,141,27,0.5,yes
AB1757,c6k94,Small,B,216,58,2,yes
AB1758,c6k95,Small,B,152,43,1,no
AB1759,c6k96,Small,B,195,85,1,no
AB176,c6k97,Small,B,83,85,0.5,yes
AB1760,c6k98,Small,B,208,10,1,no
AB1761,c6k99,Small,B,200,53,1,no
AB1762,c7k1,Small,B,188,85,1,no
AB1763,c7k2,Small,B,130,70,0.5,no
AB1764,c7k3,Small,B,189,53,1,no
AB1765,c7k4,Small,B,226,78,2,no
AB1766,c7k5,Small,B,155,75,1,yes
AB1767,c7k6,Small,B,175,44,1,yes
AB1768,c7k7,Small,B,190,25,1,yes
AB1769,c7k8,Small,B,224,18,2,no
AB177,c7k9,Small,B,101,13,0.5,yes
AB1770,c7k10,Small,B,198,5,1,no
AB1771,c7k11,Small,B,149,11,0.5,yes
AB1772,c7k12,Small,B,187,68,1,no
AB1773,c7k13,Small,B,188,73,1,no
AB1774,c7k14,Small,B,188,81,1,yes
AB1775,c7k15,Small,B,100,29,0.5,yes
AB1776,c7k16,Small,B,181,12,1,no
AB1777,c7k17,Small,B,204,9,1,yes
AB1778,c7k18,Small,B,134,31,0.5,yes
AB1779,c7k19,Small,B,180,32,1,no
AB178,c7k20,Small,B,79,73,0.5,yes
AB1780,c7k21,Small,B,158,23,1,no
AB1781,c7k22,Small,B,188,77,1,yes
AB1782,c7k23,Small,B,213,58,1,yes
AB1783,c7k24,Small,B,220,74,2,yes
AB1784,c7k25,Small,B,182,76,1,yes
AB1785,c7k26,Small,B,148,63,0.5,yes
AB1786,c7k27,Small,B,196,57,1,yes
AB1787,c7k28,Small,B,9,37,0.5,yes
AB1788,c7k29,Small,B,126,58,0.5,yes
AB1789,c7k30,Small,B,207,30,1,no
AB179,c7k31,Small,B,145,71,0.5,yes
AB1790,c7k32,Small,B,101,41,0.5,yes
AB1791,c7k33,Small,B,97,21,0.5,yes
AB1792,c7k34,Small,B,96,17,0.5,yes
AB1793,c7k35,Small,B,100,81,0.5,no
AB1794,c7k36,Small,B,130,58,0.5,yes
AB1795,c7k37,Small,B,131,46,0.5,no
AB1796,c7k38,Small,B,192,77,1,no
AB1797,c7k39,Small,B,210,22,1,yes
AB1798,c7k40,Small,B,97,45,0.5,yes
AB1799,c7k41,Small,B,130,38,0.5,yes
AB180,c7k42,Small,B,24,61,0.5,yes
AB1800,c7k43,Small,B,96,81,0.5,yes
AB1801,c7k44,Small,B,130,30,0.5,yes
AB1802,c7k45,Small,B,131,82,0.5,no
AB1803,c7k46,Small,B,141,63,0.5,no
AB1804,c7k47,Small,B,136,83,0.5,no
AB1805,c7k48,Small,B,154,87,1,yes
AB1806,c7k49,Small,B,190,73,1,yes
AB1807,c7k50,Small,B,100,85,0.5,yes
AB1808,c7k51,Small,B,104,41,0.5,no
AB1809,c7k52,Small,B,88,45,0.5,no
AB181,c7k53,Small,B,194,85,1,yes
AB1810,c7k54,Small,B,156,23,1,yes
AB1811,c7k55,Small,B,106,49,0.5,yes
AB1812,c7k56,Small,B,150,15,1,yes
AB1813,c7k57,Small,B,120,42,0.5,yes
AB1814,c7k58,Small,B,86,77,0.5,no
AB1815,c7k59,Small,B,162,56,1,yes
AB1816,c7k60,Small,B,177,48,1,yes
AB1817,c7k61,Small,B,191,25,1,yes
AB1818,c7k62,Small,B,151,7,1,yes
AB1819,c7k63,Small,B,97,25,0.5,yes
AB182,c7k64,Small,B,87,5,0.5,yes
AB1820,c7k65,Small,B,131,74,0.5,no
AB1821,c7k66,Small,B,80,41,0.5,yes
AB1822,c7k67,Small,B,121,74,0.5,no
AB1823,c7k68,Small,B,186,76,1,yes
AB1824,c7k69,Small,B,209,74,1,no
AB1825,c7k70,Small,B,181,64,1,yes
AB1826,c7k71,Small,B,180,68,1,yes
AB1827,c7k72,Small,B,160,56,1,yes
AB1828,c7k73,Small,B,94,41,0.5,no
AB1829,c7k74,Small,B,111,34,0.5,yes
AB183,c7k75,Small,B,110,22,0.5,no
AB1830,c7k76,Small,B,117,38,0.5,no
AB1831,c7k77,Small,B,131,82,0.5,no
AB1832,c7k78,Small,B,165,44,1,yes
AB1833,c7k79,Small,B,152,83,1,yes
AB1834,c7k80,Small,B,131,22,0.5,no
AB1835,c7k81,Small,B,131,82,0.5,yes
AB1836,c7k82,Small,B,144,11,0.5,yes
AB1837,c7k83,Small,B,170,60,1,no
AB1838,c7k84,Small,B,157,59,1,yes
AB1839,c7k85,Small,B,161,16,1,yes
AB184,c7k86,Small,B,96,85,0.5,yes
AB1840,c7k87,Small,B,185,64,1,yes
AB1841,c7k88,Small,B,192,17,1,yes
AB1842,c7k89,Small,B,96,9,0.5,no
AB1843,c7k90,Small,B,91,5,0.5,no
AB1844,c7k91,Small,B,100,29,0.5,no
AB1845,c7k92,Small,B,134,7,0.5,no
AB1846,c7k93,Small,B,156,11,1,yes
AB1847,c7k94,Small,B,181,8,1,yes
AB1848,c7k95,Small,B,179,24,1,yes
AB1849,c7k96,Small,B,178,36,1,yes
AB185,c7k97,Small,C,68,73,0.5,yes
AB1850,c7k98,Small,C,162,68,1,yes
AB1851,c7k99,Small,C,196,41,1,no
AB1852,c8k1,Small,C,166,40,1,yes
AB1853,c8k2,Small,C,190,21,1,yes
AB1854,c8k3,Small,C,211,82,1,yes
AB1855,c8k4,Small,C,131,74,0.5,yes
AB1856,c8k5,Small,C,151,27,1,no
AB1857,c8k6,Small,C,150,83,1,yes
AB1858,c8k7,Small,C,176,20,1,no
AB1859,c8k8,Small,C,196,73,1,yes
AB186,c8k9,Small,C,67,77,0.5,no
AB1860,c8k10,Small,C,142,55,0.5,no
AB1861,c8k11,Small,C,120,22,0.5,yes
AB1862,c8k12,Small,C,181,40,1,no
AB1863,c8k13,Small,C,166,68,1,yes
AB1864,c8k14,Small,C,189,9,1,yes
AB1865,c8k15,Small,C,221,22,2,yes
AB1866,c8k16,Small,C,196,57,1,yes
AB1867,c8k17,Small,C,197,33,1,yes
AB1868,c8k18,Small,C,183,12,1,no
AB1869,c8k19,Small,C,172,56,1,yes
AB187,c8k20,Small,C,98,65,0.5,yes
AB1870,c8k21,Small,C,145,7,0.5,yes
AB1871,c8k22,Small,C,160,32,1,yes
AB1872,c8k23,Small,C,136,23,0.5,no
AB1873,c8k24,Small,C,171,60,1,yes
AB1874,c8k25,Small,C,182,40,1,yes
AB1875,c8k26,Small,C,112,26,0.5,yes
AB1876,c8k27,Small,C,135,51,0.5,yes
AB1877,c8k28,Small,C,123,18,0.5,yes
AB1878,c8k29,Small,C,197,21,1,yes
AB1879,c8k30,Small,C,175,32,1,no
AB188,c8k31,Small,C,117,82,0.5,yes
AB1880,c8k32,Small,C,319,15,4,yes
AB1881,c8k33,Small,C,450,54,9,no
AB1882,c8k34,Small,C,380,70,6,no
AB1883,c8k35,Small,C,482,73,10.5,no
AB1884,c8k36,Small,C,450,98,9,no
AB1885,c8k37,Small,C,380,18,6,yes
AB1886,c8k38,Small,C,335,64,5,no
AB1887,c8k39,Small,C,350,25,5,no
AB1888,c8k40,Small,C,430,73,8,yes
AB1889,c8k41,Small,C,394,79,7,yes
AB189,c8k42,Small,C,50,17,0.5,yes
AB1890,c8k43,Small,C,450,55,9,no
AB1891,c8k44,Small,C,470,44,10,yes
AB1892,c8k45,Small,C,490,30,10.5,yes
AB1893,c8k46,Small,C,391,71,7,yes
AB1894,c8k47,Small,C,440,74,8,no
AB1895,c8k48,Small,C,350,48,5,yes
AB1896,c8k49,Small,C,319,67,4,yes
AB1897,c8k50,Small,C,375,66,6,yes
AB1898,c8k51,Small,C,370,98,6,yes
AB1899,c8k52,Small,C,390,31,6,no
AB190,c8k53,Small,C,141,59,0.5,no
AB1900,c8k54,Small,C,430,17,8,yes
AB1901,c8k55,Small,C,384,50,6,no
AB1902,c8k56,Small,C,480,93,10.5,no
AB1903,c8k57,Small,C,420,32,8,no
AB1904,c8k58,Small,C,450,50,9,yes
AB1906,c8k59,Small,C,460,43,9,no
AB1907,c8k60,Small,C,470,52,10,no
AB1909,c8k61,Small,C,328,79,4,no
AB191,c8k62,Small,C,76,37,0.5,yes
AB1910,c8k63,Small,C,350,92,5,yes
AB1911,c8k64,Small,C,480,49,10,no
AB1912,c8k65,Small,C,477,33,10,yes
AB1913,c8k66,Small,C,368,77,6,yes
AB1914,c8k67,Small,C,430,57,8,yes
AB1915,c8k68,Small,C,470,56,10,yes
AB1916,c8k69,Small,C,370,17,6,yes
AB1917,c8k70,Small,C,430,33,8,no
AB1918,c8k71,Small,C,390,39,7,yes
AB1919,c8k72,Small,C,410,36,7,yes
AB192,c8k73,Small,C,198,13,1,no
AB1920,c8k74,Small,C,440,58,8,yes
AB1921,c8k75,Small,C,420,88,7,no
AB1922,c8k76,Small,C,410,36,7,no
AB1923,c8k77,Small,C,450,58,9,yes
AB1924,c8k78,Small,C,410,56,7,yes
AB1926,c8k79,Small,C,420,84,7,yes
AB1927,c8k80,Small,C,420,48,7,yes
AB1928,c8k81,Small,C,373,98,6,yes
AB1929,c8k82,Small,C,410,16,7,yes
AB193,c8k83,Small,C,83,45,0.5,yes
AB1930,c8k84,Small,C,380,34,6,yes
AB1931,c8k85,Small,C,416,52,7,yes
AB1932,c8k86,Small,C,420,92,7,yes
AB1933,c8k87,Small,C,450,71,9,yes
AB1934,c8k88,Small,C,470,52,10,yes
AB1936,c8k89,Small,C,310,18,4,no
AB1937,c8k90,Small,C,293,37,3,no
AB1938,c8k91,Small,C,410,36,7,yes
AB1939,c8k92,Small,C,412,92,7,no
AB194,c8k93,Small,C,153,27,1,no
AB1940,c8k94,Small,C,460,47,9,yes
AB1943,c8k95,Small,C,340,56,5,yes
AB1944,c8k96,Small,C,380,38,6,yes
AB1945,c8k97,Small,C,340,84,5,no
AB1946,c8k98,Small,C,390,59,7,yes
AB1947,c8k99,Small,C,385,54,6,no
AB1948,c9k1,Small,C,321,51,4,yes
AB1949,c9k2,Small,C,400,27,7,yes
AB195,c9k3,Small,C,198,49,1,yes
AB1950,c9k4,Small,C,460,55,9,yes
AB1951,c9k5,Small,C,480,33,10,yes
AB1952,c9k6,Small,C,450,39,9,no
AB1953,c9k7,Small,C,490,82,10.5,no
AB1954,c9k8,Small,C,340,84,5,yes
AB1955,c9k9,Small,C,440,82,8,no
AB1956,c9k10,Small,C,470,76,10,yes
AB1957,c9k11,Small,C,468,32,10,no
AB1958,c9k12,Small,C,490,94,10.5,no
AB196,c9k13,Small,C,187,12,1,yes
AB1960,c9k14,Small,C,312,74,4,yes
AB1961,c9k15,Small,C,430,21,8,no
AB1962,c9k16,Small,C,379,86,6,yes
AB1963,c9k17,Small,C,400,95,7,no
AB1964,c9k18,Small,C,450,70,9,yes
AB1965,c9k19,Small,C,475,89,10,yes
AB1966,c9k20,Small,C,430,69,8,yes
AB1967,c9k21,Small,C,487,25,10.5,no
AB1968,c9k22,Small,C,300,13,3,no
AB1969,c9k23,Small,C,389,83,6,yes
AB197,c9k24,Small,C,146,75,0.5,yes
AB1970,c9k25,Small,C,356,65,5,no
AB1971,c9k26,Small,C,356,41,5,yes
AB1972,c9k27,Small,C,400,31,7,yes
AB1973,c9k28,Small,C,490,46,10.5,yes
AB1974,c9k29,Small,C,410,28,7,yes
AB1975,c9k30,Small,C,420,36,8,yes
AB1976,c9k31,Small,C,440,70,8,yes
AB1977,c9k32,Small,C,390,31,6,no
AB1978,c9k33,Small,C,471,101,10,no
AB1979,c9k34,Small,C,466,84,10,yes
AB198,c9k35,Small,C,119,38,0.5,yes
AB1980,c9k36,Small,C,363,45,5,yes
AB1981,c9k37,Small,C,420,40,8,yes
AB1982,c9k38,Small,C,440,74,8,yes
AB1983,c9k39,Small,C,440,94,8,yes
AB1984,c9k40,Small,C,480,25,10,yes
AB1985,c9k41,Small,C,300,14,3,yes
AB1986,c9k42,Small,C,470,44,10,yes
AB1988,c9k43,Small,C,390,51,6,no
AB1989,c9k44,Small,C,350,92,5,no
AB199,c9k45,Small,C,137,35,0.5,yes
AB1990,c9k46,Small,C,378,62,6,yes
AB1991,c9k47,Small,C,390,31,7,no
AB1992,c9k48,Small,C,430,37,8,no
AB1993,c9k49,Small,C,410,24,7,no
AB1994,c9k50,Small,C,440,94,8,no
AB1995,c9k51,Small,C,407,64,7,no
AB1996,c9k52,Small,C,400,23,7,no
AB1997,c9k53,Small,C,400,95,7,yes
AB1998,c9k54,Small,C,380,18,6,no
AB1999,c9k55,Small,C,430,97,8,no
AB200,c9k56,Small,C,155,11,1,no
AB2000,c9k57,Small,C,420,29,8,yes
AB2001,c9k58,Small,C,490,42,10.5,no
AB2002,c9k59,Small,C,432,37,8,yes
AB2003,c9k60,Small,C,480,93,10,no
AB2005,c9k61,Small,C,390,47,6,yes
AB2006,c9k62,Small,C,330,87,4,yes
AB2007,c9k63,Small,C,445,34,9,yes
AB2008,c9k64,Small,C,434,45,8,yes
AB2009,c9k65,Small,C,491,74,10.5,yes
AB201,c9k66,Small,C,150,7,1,yes
AB2010,c9k67,Small,C,451,79,9,yes
AB2011,c9k68,Small,C,400,79,7,yes
AB2016,c9k69,Small,C,436,97,8,yes
AB2017,c9k70,Small,C,363,97,5,no
AB2018,c9k71,Small,C,370,41,6,yes
AB202,c9k72,Small,C,129,46,0.5,yes
AB2021,c9k73,Small,C,324,23,4,no
AB2022,c9k74,Small,C,370,54,6,no
AB2023,c9k75,Small,C,469,20,10,no
AB2024,c9k76,Small,C,390,23,6,yes
AB2025,c9k77,Small,C,379,54,6,yes
AB2026,c9k78,Small,C,460,39,9,yes
AB2027,c9k79,Small,C,389,39,6,yes
AB2028,c9k80,Small,C,391,27,7,no
AB203,c9k81,Small,C,102,29,0.5,yes
AB2030,c9k82,Small,C,440,86,8,yes
AB2032,c9k83,Small,C,400,19,7,yes
AB2033,c9k84,Small,C,460,83,9,yes
AB2034,c9k85,Small,C,434,53,8,yes
AB2035,c9k86,Small,C,458,47,9,yes
AB2036,c9k87,Small,C,490,54,10.5,yes
AB2037,c9k88,Small,C,475,33,10,no
AB2038,c9k89,Small,C,460,99,9,yes
AB2039,c9k90,Small,C,470,28,10,no
AB204,c9k91,Small,C,91,65,0.5,yes
AB2040,c9k92,Small,C,430,81,8,yes
AB2041,c9k93,Small,C,350,81,5,yes
AB2043,c9k94,Small,C,400,79,7,yes
AB2044,c9k95,Small,C,404,87,7,yes
AB2045,c9k96,Small,C,440,34,8,yes
AB2047,c9k97,Small,C,385,94,6,yes
AB2049,c9k98,Small,C,480,85,10,yes
AB205,c9k99,Small,C,125,26,0.5,no
AB2050,c10k1,Small,C,425,37,8,no
AB2053,c10k2,Small,C,420,69,8,no
AB2054,c10k3,Small,C,310,94,4,yes
AB2055,c10k4,Small,C,410,96,7,yes
AB2056,c10k5,Small,C,420,80,7,yes
AB2058,c10k6,Small,C,480,93,10,no
AB2059,c10k7,Small,C,417,20,7,no
AB206,c10k8,Small,C,110,62,0.5,no
AB2060,c10k9,Small,C,440,38,8,yes
AB2062,c10k10,Small,C,333,76,5,no
AB2063,c10k11,Small,C,380,74,6,no
AB2064,c10k12,Small,C,420,76,8,yes
AB2065,c10k13,Small,C,450,70,9,no
AB2066,c10k14,Small,C,360,13,5,yes
AB2068,c10k15,Small,C,360,49,5,yes
AB2069,c10k16,Small,C,390,31,7,no
AB207,c10k17,Small,C,171,12,1,yes
AB2070,c10k18,Small,C,400,27,7,no
AB2071,c10k19,Small,C,375,30,6,no
AB2072,c10k20,Small,C,429,41,8,yes
AB2073,c10k21,Small,C,420,76,8,no
AB2074,c10k22,Small,C,332,28,4,yes
AB2075,c10k23,Small,C,411,52,7,no
AB2076,c10k24,Small,C,421,101,8,no
AB2077,c10k25,Small,C,385,38,6,yes
AB2078,c10k26,Small,C,460,63,9,no
AB208,c10k27,Small,C,120,70,0.5,yes
AB2080,c10k28,Small,C,490,90,10.5,yes
AB2081,c10k29,Small,C,470,60,10,yes
AB2082,c10k30,Small,C,480,41,10,yes
AB2084,c10k31,Small,C,404,51,7,yes
AB2085,c10k32,Small,C,470,28,10,yes
AB2088,c10k33,Small,C,482,37,10.5,no
AB2089,c10k34,Small,C,429,101,8,no
AB209,c10k35,Small,C,96,49,0.5,no
AB2090,c10k36,Small,C,480,45,10,yes
AB2092,c10k37,Small,C,400,71,7,yes
AB2093,c10k38,Small,C,430,85,8,yes
AB2094,c10k39,Small,C,427,57,8,yes
AB2095,c10k40,Small,C,361,33,5,yes
AB2097,c10k41,Small,C,470,36,10,no
AB2098,c10k42,Small,C,494,102,10.5,no
AB2099,c10k43,Small,C,463,28,9,yes
AB210,c10k44,Small,C,117,46,0.5,no
AB2100,c10k45,Small,C,400,91,7,no
AB2101,c10k46,Small,C,400,39,7,yes
AB2102,c10k47,Small,C,433,65,8,yes
AB2103,c10k48,Small,C,308,82,4,no
AB2104,c10k49,Small,C,387,59,6,no
AB2105,c10k50,Small,C,416,92,7,no
AB2107,c10k51,Small,C,469,40,10,no
AB2108,c10k52,Small,C,410,48,7,no
AB211,c10k53,Small,C,168,84,1,yes
AB2110,c10k54,Small,C,468,92,10,yes
AB2111,c10k55,Small,C,480,77,10,no
AB2114,c10k56,Small,C,361,37,5,yes
AB2115,c10k57,Small,C,380,82,6,yes
AB2116,c10k58,Small,C,457,95,9,no
AB2117,c10k59,Small,C,409,36,7,no
AB2118,c10k60,Small,C,480,85,10,no
AB2119,c10k61,Small,C,480,37,10,yes
AB212,c10k62,Small,C,185,44,1,no
AB2120,c10k63,Small,C,350,20,5,yes
AB2121,c10k64,Small,C,450,26,9,yes
AB2122,c10k65,Small,C,420,28,7,no
AB2123,c10k66,Small,C,376,30,6,yes
AB2124,c10k67,Small,C,460,91,9,no
AB2126,c10k68,Small,C,380,30,6,yes
AB2128,c10k69,Small,C,420,60,8,yes
AB2129,c10k70,Small,C,390,43,6,no
AB213,c10k71,Small,C,186,80,1,no
AB2130,c10k72,Small,C,460,67,9,no
AB2131,c10k73,Small,C,334,76,5,yes
AB2132,c10k74,Small,C,380,22,6,no
AB2133,c10k75,Small,C,370,66,6,no
AB2134,c10k76,Small,C,360,29,5,yes
AB2135,c10k77,Small,C,450,90,9,yes
AB2136,c10k78,Small,C,467,32,10,yes
AB2137,c10k79,Small,C,449,70,9,no
AB2139,c10k80,Small,C,332,20,4,no
AB214,c10k81,Small,C,101,41,0.5,yes
AB2141,c10k82,Small,C,480,21,10,yes
AB2142,c10k83,Small,C,390,19,7,yes
AB2143,c10k84,Small,C,370,94,6,yes
AB2144,c10k85,Small,C,396,39,7,no
AB2145,c10k86,Small,C,480,81,10,yes
AB2146,c10k87,Small,C,476,81,10,yes
AB2147,c10k88,Small,C,487,105,10.5,yes
AB2148,c10k89,Small,C,475,65,10,no
AB2149,c10k90,Small,C,410,60,7,no
AB215,c10k91,Small,C,180,36,1,yes
AB2150,c10k92,Small,C,410,20,7,yes
AB2151,c10k93,Small,C,410,88,7,yes
AB2152,c10k94,Small,C,452,63,9,no
AB2153,c10k95,Small,C,460,63,9,yes
AB2155,c10k96,Small,C,480,41,10,no
AB2156,c10k97,Small,C,445,46,9,yes
AB2157,c10k98,Small,C,485,61,10.5,yes
AB2158,c10k99,Small,C,366,21,6,no
AB2159,c11k1,Small,C,465,44,10,no
AB216,c11k2,Small,C,199,5,1,no
AB2160,c11k3,Small,C,398,63,7,yes
AB2161,c11k4,Small,C,390,27,7,no
AB2162,c11k5,Small,C,461,56,9,no
AB2163,c11k6,Small,C,368,65,6,no
AB2164,c11k7,Small,C,489,53,10.5,no
AB2165,c11k8,Small,C,340,68,5,yes
AB2166,c11k9,Small,C,392,75,7,yes
AB2167,c11k10,Small,C,449,70,9,no
AB2168,c11k11,Small,C,460,39,9,no
AB2169,c11k12,Small,C,260,68,2,no
AB217,c11k13,Small,C,64,69,0.5,yes
AB2170,c11k14,Small,C,392,27,7,yes
AB2171,c11k15,Small,C,356,89,5,yes
AB2172,c11k16,Small,C,370,54,6,yes
AB2173,c11k17,Small,C,439,81,8,yes
AB2174,c11k18,Small,C,490,74,10.5,yes
AB2175,c11k19,Small,C,420,40,7,no
AB2178,c11k20,Small,C,494,38,10.5,no
AB218,c11k21,Small,C,151,43,1,yes
AB2181,c11k22,Small,C,347,60,5,yes
AB2182,c11k23,Small,C,370,46,6,yes
AB2183,c11k24,Small,C,376,74,6,yes
AB2184,c11k25,Small,C,480,53,10,no
AB2186,c11k26,Small,C,345,40,5,yes
AB2187,c11k27,Small,C,430,101,8,yes
AB2188,c11k28,Small,C,386,23,6,yes
AB2189,c11k29,Small,C,410,60,7,no
AB219,c11k30,Small,C,139,3,0.5,no
AB2190,c11k31,Small,C,470,68,10,yes
AB2193,c11k32,Small,C,345,68,5,no
AB2194,c11k33,Small,C,479,69,10,no
AB2195,c11k34,Small,C,445,38,9,yes
AB2196,c11k35,Small,C,357,53,5,yes
AB2198,c11k36,Small,C,366,69,6,no
AB2199,c11k37,Small,C,490,90,10.5,no
AB220,c11k38,Small,C,182,24,1,yes
AB2200,c11k39,Small,C,440,58,8,yes
AB2201,c11k40,Small,C,370,86,6,no
AB2202,c11k41,Small,C,378,70,6,yes
AB2203,c11k42,Small,C,421,85,8,yes
AB2204,c11k43,Small,C,440,26,8,yes
AB2205,c11k44,Small,C,436,61,8,yes
AB2207,c11k45,Small,C,350,24,5,no
AB2208,c11k46,Small,C,415,80,7,yes
AB2209,c11k47,Small,C,395,43,7,no
AB221,c11k48,Small,C,20,41,0.5,no
AB2210,c11k49,Small,C,460,27,9,yes
AB2211,c11k50,Small,C,360,41,5,yes
AB2212,c11k51,Small,C,425,93,8,yes
AB2213,c11k52,Small,C,400,47,7,yes
AB2215,c11k53,Small,C,466,32,10,yes
AB2216,c11k54,Small,C,440,90,8,yes
AB2217,c11k55,Small,C,430,69,8,no
AB2218,c11k56,Small,C,365,85,6,no
AB2219,c11k57,Small,C,350,25,5,yes
AB222,c11k58,Small,C,110,78,0.5,no
AB2220,c11k59,Small,C,402,39,7,yes
AB2221,c11k60,Small,C,470,100,10,yes
AB2223,c11k61,Small,C,360,17,5,no
AB2224,c11k62,Small,C,361,33,5,yes
AB2225,c11k63,Small,C,350,36,5,yes
AB2226,c11k64,Small,C,437,25,8,yes
AB2229,c11k65,Small,C,320,67,4,no
AB223,c11k66,Small,C,89,65,0.5,yes
AB2230,c11k67,Small,C,343,80,5,no
AB2231,c11k68,Small,C,374,54,6,no
AB2232,c11k69,Small,C,375,62,6,yes
AB2233,c11k70,Small,C,380,26,6,yes
AB2234,c11k71,Small,C,432,33,8,yes
AB2235,c11k72,Small,C,450,94,9,yes
AB2236,c11k73,Small,C,420,28,7,yes
AB2237,c11k74,Small,C,487,53,10.5,no
AB2239,c11k75,Small,C,368,17,6,no
AB224,c11k76,Small,C,143,43,0.5,yes
AB2240,c11k77,Small,C,374,18,6,yes
AB2241,c11k78,Small,C,295,37,3,no
AB2242,c11k79,Small,C,418,44,7,no
AB2243,c11k80,Small,C,491,42,10.5,yes
AB2244,c11k81,Small,C,491,94,10.5,no
AB2245,c11k82,Small,C,460,24,9,no
AB2246,c11k83,Small,C,460,76,9,yes
AB2247,c11k84,Small,C,320,35,4,yes
AB2248,c11k85,Small,C,411,52,7,yes
AB2249,c11k86,Small,C,373,50,6,no
AB225,c11k87,Small,C,79,61,0.5,yes
AB2250,c11k88,Small,C,435,73,8,no
AB2252,c11k89,Small,C,341,24,5,yes
AB2254,c11k90,Small,C,470,40,10,no
AB2255,c11k91,Small,C,395,63,7,yes
AB2257,c11k92,Small,C,350,72,5,yes
AB2258,c11k93,Small,C,394,87,7,yes
AB2259,c11k94,Small,C,463,24,10,yes
AB226,c11k95,Small,C,101,73,0.5,yes
AB2260,c11k96,Small,C,443,30,8,no
AB2261,c11k97,Small,C,440,70,8,no
AB2262,c11k98,Small,C,460,55,9,yes
AB2264,c11k99,Small,C,490,102,10.5,yes
AB2265,c12k1,Small,C,477,61,10,yes
AB2266,c12k2,Small,C,411,80,7,no
AB2268,c12k3,Small,C,385,74,6,no
AB2269,c12k4,Small,C,450,70,9,no
AB227,c12k5,Small,C,122,54,0.5,yes
AB2270,c12k6,Small,C,430,77,8,no
AB2271,c12k7,Small,C,360,73,5,yes
AB2273,c12k8,Small,C,357,21,5,no
AB2274,c12k9,Small,C,443,74,8,no
AB2275,c12k10,Small,C,440,74,8,yes
AB2276,c12k11,Small,C,410,88,7,yes
AB2277,c12k12,Small,C,370,33,6,yes
AB2278,c12k13,Small,C,374,14,6,yes
AB2279,c12k14,Small,C,440,49,8,yes
AB228,c12k15,Small,C,196,85,1,yes
AB2280,c12k16,Small,C,430,61,8,yes
AB2282,c12k17,Small,C,362,45,5,yes
AB2283,c12k18,Small,C,400,87,7,no
AB2284,c12k19,Small,C,215,6,2,yes
AB2285,c12k20,Small,C,428,57,8,no
AB2286,c12k21,Small,C,400,19,7,no
AB2287,c12k22,Small,C,499,90,10.5,yes
AB2288,c12k23,Small,C,400,55,7,yes
AB2289,c12k24,Small,C,440,82,8,yes
AB229,c12k25,Small,C,198,77,1,no
AB2290,c12k26,Small,C,450,22,9,yes
AB2291,c12k27,Small,C,410,52,7,no
AB2292,c12k28,Small,C,460,79,9,yes
AB2293,c12k29,Small,C,450,79,9,yes
AB2294,c12k30,Small,C,460,27,9,no
AB2295,c12k31,Small,C,370,66,6,yes
AB2296,c12k32,Small,C,461,44,9,no
AB2297,c12k33,Small,C,416,100,7,yes
AB2298,c12k34,Small,C,303,30,4,yes
AB2299,c12k35,Small,C,324,31,4,no
AB230,c12k36,Small,C,158,15,1,yes
AB2300,c12k37,Small,C,450,27,9,no
AB2301,c12k38,Small,C,457,67,9,no
AB2302,c12k39,Small,C,466,76,10,no
AB2303,c12k40,Small,C,468,32,10,yes
AB2304,c12k41,Small,C,360,73,5,yes
AB2306,c12k42,Small,C,350,25,5,yes
AB2309,c12k43,Small,C,495,38,10.5,no
AB231,c12k44,Small,C,42,57,0.5,no
AB2310,c12k45,Small,C,324,31,4,no
AB2311,c12k46,Small,C,393,67,7,yes
AB2312,c12k47,Small,C,424,61,8,yes
AB2313,c12k48,Small,C,425,21,8,yes
AB2314,c12k49,Small,C,451,19,9,no
AB2315,c12k50,Small,C,460,95,9,no
AB2316,c12k51,Small,C,392,47,7,yes
AB2317,c12k52,Small,C,433,97,8,yes
AB2318,c12k53,Small,C,414,28,7,yes
AB2319,c12k54,Small,C,419,100,7,yes
AB232,c12k55,Small,C,87,9,0.5,yes
AB2320,c12k56,Small,C,391,75,7,yes
AB2321,c12k57,Small,C,454,51,9,yes
AB2322,c12k58,Small,C,416,80,7,no
AB2323,c12k59,Small,C,464,32,10,yes
AB2324,c12k60,Small,C,356,61,5,yes
AB2325,c12k61,Small,C,404,79,7,yes
AB2326,c12k62,Small,C,424,45,8,no
AB2328,c12k63,Small,C,473,25,10,yes
AB2329,c12k64,Small,C,427,85,8,no
AB233,c12k65,Small,C,111,14,0.5,no
AB2330,c12k66,Small,C,354,25,5,yes
AB2331,c12k67,Small,C,248,79,2,yes
AB2332,c12k68,Small,C,434,61,8,no
AB2333,c12k69,Small,C,364,57,6,yes
AB2335,c12k70,Small,C,380,50,6,no
AB2336,c12k71,Small,C,386,47,6,yes
AB2338,c12k72,Small,C,421,81,8,yes
AB2339,c12k73,Small,C,425,21,8,yes
AB234,c12k74,Small,C,64,49,0.5,yes
AB2341,c12k75,Small,C,431,33,8,yes
AB2342,c12k76,Small,C,409,52,7,no
AB2343,c12k77,Small,C,455,67,9,no
AB2344,c12k78,Small,C,388,95,6,yes
AB2345,c12k79,Small,C,341,76,5,yes
AB2346,c12k80,Small,C,314,70,4,no
AB2347,c12k81,Small,C,473,25,10,no
AB2348,c12k82,Small,C,291,17,3,yes
AB2349,c12k83,Small,C,374,34,6,yes
AB235,c12k84,Small,C,65,37,0.5,yes
AB2350,c12k85,Small,C,373,26,6,yes
AB2351,c12k86,Small,C,461,36,9,yes
AB2353,c12k87,Small,C,484,25,10.5,no
AB2354,c12k88,Small,C,300,78,3,yes
AB2355,c12k89,Small,C,428,17,8,yes
AB2356,c12k90,Small,C,436,29,8,no
AB2357,c12k91,Small,C,347,12,5,yes
AB2358,c12k92,Small,C,348,56,5,yes
AB2359,c12k93,Small,C,367,53,6,yes
AB236,c12k94,Small,C,92,81,0.5,yes
AB2360,c12k95,Small,C,445,86,9,no
AB2361,c12k96,Small,C,458,55,9,no
AB2362,c12k97,Small,C,382,66,6,yes
AB2363,c12k98,Small,C,449,58,9,yes
AB2364,c12k99,Small,C,405,76,7,no
AB2365,c13k1,Small,C,380,74,6,yes
AB2366,c13k2,Small,C,470,40,10,yes
AB2367,c13k3,Small,C,377,50,6,yes
AB2368,c13k4,Small,C,438,61,8,yes
AB2369,c13k5,Small,C,460,51,9,yes
AB237,c13k6,Small,C,166,64,1,no
AB2370,c13k7,Small,C,340,28,5,yes
AB2371,c13k8,Small,C,400,55,7,yes
AB2372,c13k9,Small,C,467,84,10,no
AB2373,c13k10,Small,C,452,79,9,yes
AB2374,c13k11,Small,C,359,41,5,yes
AB2375,c13k12,Small,C,489,101,10.5,yes
AB2377,c13k13,Small,C,365,81,6,yes
AB238,c13k14,Small,C,170,8,1,yes
AB2380,c13k15,Small,C,421,21,8,no
AB2381,c13k16,Small,C,481,25,10.5,yes
AB2383,c13k17,Small,C,484,69,10.5,no
AB2384,c13k18,Small,C,361,65,5,yes
AB2385,c13k19,Small,C,375,46,6,yes
AB2386,c13k20,Small,C,339,60,5,no
AB2387,c13k21,Small,C,405,52,7,no
AB2388,c13k22,Small,C,425,21,8,yes
AB2389,c13k23,Small,C,440,58,8,no
AB239,c13k24,Small,C,198,57,1,no
AB2390,c13k25,Small,C,398,83,7,no
AB2391,c13k26,Small,C,369,29,6,no
AB2392,c13k27,Small,C,329,31,4,no
AB2393,c13k28,Small,C,410,60,7,yes
AB2394,c13k29,Small,C,460,75,9,yes
AB2396,c13k30,Small,C,395,87,7,yes
AB240,c13k31,Small,C,98,29,0.5,yes
AB241,c13k32,Small,C,80,65,0.5,yes
AB242,c13k33,Small,C,38,81,0.5,yes
AB243,c13k34,Small,C,93,65,0.5,no
AB244,c13k35,Small,C,121,30,0.5,no
AB245,c13k36,Small,C,190,13,1,yes
AB246,c13k37,Small,C,184,20,1,no
AB247,c13k38,Small,C,79,29,0.5,no
AB248,c13k39,Small,C,117,18,0.5,yes
AB249,c13k40,Small,C,91,61,0.5,no
AB250,c13k41,Small,C,98,9,0.5,no
AB251,c13k42,Small,C,103,53,0.5,yes
AB252,c13k43,Small,C,80,29,0.5,yes
AB253,c13k44,Small,C,154,75,1,yes
AB254,c13k45,Small,C,82,25,0.5,no
AB255,c13k46,Small,C,82,21,0.5,no
AB256,c13k47,Small,C,85,25,0.5,no
AB257,c13k48,Small,C,97,25,0.5,no
AB258,c13k49,Small,C,110,18,0.5,yes
AB259,c13k50,Small,C,111,2,0.5,yes
AB260,c13k51,Small,C,111,6,0.5,yes
AB261,c13k52,Small,C,141,43,0.5,no
AB262,c13k53,Small,C,185,56,1,yes
AB263,c13k54,Small,C,177,48,1,no
AB264,c13k55,Small,C,23,77,0.5,no
AB265,c13k56,Small,C,67,45,0.5,yes
AB266,c13k57,Small,C,93,5,0.5,no
AB267,c13k58,Small,C,121,42,0.5,yes
AB268,c13k59,Small,C,116,78,0.5,no
AB269,c13k60,Small,C,120,10,0.5,yes
AB270,c13k61,Small,C,154,3,1,no
AB271,c13k62,Small,C,155,79,1,no
AB272,c13k63,Small,C,112,70,0.5,yes
AB273,c13k64,Small,C,183,84,1,yes
AB274,c13k65,Small,C,117,62,0.5,yes
AB275,c13k66,Small,C,96,57,0.5,yes
AB276,c13k67,Small,C,119,38,0.5,yes
AB277,c13k68,Small,C,130,46,0.5,yes
AB278,c13k69,Small,C,132,19,0.5,yes
AB279,c13k70,Small,C,152,23,1,no
AB280,c13k71,Small,C,142,75,0.5,yes
AB281,c13k72,Small,C,170,36,1,no
AB282,c13k73,Small,C,52,13,0.5,no
AB283,c13k74,Small,C,95,29,0.5,no
AB284,c13k75,Small,C,95,85,0.5,yes
AB285,c13k76,Small,C,120,54,0.5,no
AB286,c13k77,Small,C,143,83,0.5,yes
AB287,c13k78,Small,C,127,42,0.5,no
AB288,c13k79,Small,C,133,39,0.5,yes
AB289,c13k80,Small,C,156,27,1,yes
AB290,c13k81,Small,C,144,47,0.5,no
AB291,c13k82,Small,C,168,16,1,yes
AB292,c13k83,Small,C,158,23,1,no
AB293,c13k84,Small,C,77,69,0.5,no
AB294,c13k85,Small,C,103,25,0.5,no
AB295,c13k86,Small,C,121,6,0.5,yes
AB296,c13k87,Small,C,173,68,1,no
AB297,c13k88,Small,C,189,21,1,yes
AB298,c13k89,Small,C,153,7,1,no
AB299,c13k90,Small,C,120,74,0.5,no
AB300,c13k91,Small,C,175,28,1,yes
AB301,c13k92,Small,C,122,78,0.5,yes
AB302,c13k93,Small,C,204,53,1,yes
AB303,c13k94,Small,C,111,38,0.5,no
AB304,c13k95,Small,C,149,7,0.5,yes
AB305,c13k96,Small,C,184,12,1,no
AB306,c13k97,Small,C,148,79,0.5,no
AB307,c13k98,Small,C,101,77,0.5,yes
AB308,c13k99,Small,C,120,46,0.5,yes
AB309,c14k1,Small,C,101,53,0.5,no
AB310,c14k2,Small,C,120,10,0.5,yes
AB311,c14k3,Small,C,122,42,0.5,yes
AB312,c14k4,Small,C,164,36,1,no
AB313,c14k5,Small,C,196,77,1,no
AB314,c14k6,Small,C,152,79,1,yes
AB315,c14k7,Small,C,174,12,1,no
AB316,c14k8,Small,C,52,69,0.5,no
AB317,c14k9,Small,C,96,69,0.5,yes
AB318,c14k10,Small,C,103,33,0.5,no
AB319,c14k11,Small,C,98,25,0.5,yes
AB320,c14k12,Small,C,121,22,0.5,yes
AB321,c14k13,Small,C,133,35,0.5,yes
AB322,c14k14,Small,C,144,87,0.5,no
AB323,c14k15,Small,C,151,75,1,no
AB324,c14k16,Small,C,146,47,0.5,no
AB325,c14k17,Small,C,172,16,1,no
AB326,c14k18,Small,C,182,8,1,yes
AB327,c14k19,Small,C,200,9,1,no
AB328,c14k20,Small,C,151,27,1,yes
AB329,c14k21,Small,C,168,8,1,no
AB330,c14k22,Small,C,138,7,0.5,yes
AB331,c14k23,Small,C,169,28,1,yes
AB332,c14k24,Small,C,172,24,1,yes
AB333,c14k25,Small,C,134,59,0.5,yes
AB334,c14k26,Small,C,162,36,1,no
AB335,c14k27,Small,C,65,65,0.5,yes
AB336,c14k28,Small,C,131,22,0.5,no
AB337,c14k29,Small,C,131,74,0.5,no
AB338,c14k30,Small,C,127,46,0.5,yes
AB339,c14k31,Small,C,122,30,0.5,yes
AB340,c14k32,Small,C,134,83,0.5,yes
AB341,c14k33,Small,C,151,59,1,no
AB342,c14k34,Small,C,159,44,1,yes
AB343,c14k35,Small,C,128,54,0.5,no
AB344,c14k36,Small,C,127,14,0.5,yes
AB345,c14k37,Small,C,132,46,0.5,no
AB346,c14k38,Small,C,117,62,0.5,yes
AB347,c14k39,Small,C,136,27,0.5,yes
AB348,c14k40,Small,C,119,78,0.5,yes
AB349,c14k41,Small,C,145,35,0.5,yes
AB350,c14k42,Small,C,139,79,0.5,yes
AB351,c14k43,Small,C,135,75,0.5,yes
AB352,c14k44,Small,C,167,32,1,yes
AB353,c14k45,Small,C,128,62,0.5,yes
AB354,c14k46,Small,C,174,32,1,yes
AB355,c14k47,Small,C,195,21,1,yes
AB356,c14k48,Small,C,209,90,1,no
AB357,c14k49,Small,C,200,45,1,no
AB358,c14k50,Small,C,144,27,0.5,yes
AB359,c14k51,Small,C,154,39,1,yes
AB360,c14k52,Small,C,167,72,1,yes
AB361,c14k53,Small,C,145,27,0.5,yes
AB362,c14k54,Small,C,191,45,1,yes
AB363,c14k55,Small,C,177,56,1,no
AB364,c14k56,Small,C,110,10,0.5,yes
AB365,c14k57,Small,C,143,55,0.5,no
AB366,c14k58,Small,C,78,13,0.5,yes
AB367,c14k59,Small,C,112,86,0.5,no
AB368,c14k60,Small,C,134,55,0.5,yes
AB369,c14k61,Small,C,148,83,0.5,yes
AB370,c14k62,Small,C,185,8,1,yes
AB371,c14k63,Small,C,120,10,0.5,no
AB372,c14k64,Small,C,154,55,1,yes
AB373,c14k65,Small,C,99,21,0.5,yes
AB374,c14k66,Small,C,104,53,0.5,no
AB375,c14k67,Small,C,111,6,0.5,yes
AB376,c14k68,Small,C,109,42,0.5,yes
AB377,c14k69,Small,C,121,50,0.5,yes
AB378,c14k70,Small,C,97,5,0.5,no
AB379,c14k71,Small,C,120,42,0.5,no
AB380,c14k72,Small,C,131,78,0.5,no
AB381,c14k73,Small,C,117,66,0.5,no
AB382,c14k74,Small,C,139,63,0.5,yes
AB383,c14k75,Small,C,144,11,0.5,no
AB384,c14k76,Small,C,188,44,1,yes
AB385,c14k77,Small,C,214,38,1,no
AB386,c14k78,Small,C,48,49,0.5,no
AB387,c14k79,Small,C,64,37,0.5,yes
AB388,c14k80,Small,C,96,29,0.5,yes
AB389,c14k81,Small,C,120,6,0.5,no
AB390,c14k82,Small,C,114,26,0.5,no
AB391,c14k83,Small,C,122,70,0.5,no
AB392,c14k84,Small,C,124,62,0.5,yes
AB393,c14k85,Small,C,123,14,0.5,yes
AB394,c14k86,Small,C,132,82,0.5,yes
AB395,c14k87,Small,C,95,1,0.5,no
AB396,c14k88,Small,C,99,65,0.5,yes
AB397,c14k89,Small,C,153,23,1,yes
AB398,c14k90,Small,C,142,39,0.5,yes
AB399,c14k91,Small,C,169,68,1,no
AB400,c14k92,Small,C,146,35,0.5,yes
AB401,c14k93,Small,C,188,73,1,yes
AB402,c14k94,Small,C,191,9,1,yes
AB403,c14k95,Small,C,169,48,1,yes
AB404,c14k96,Small,C,77,73,0.5,no
AB405,c14k97,Small,C,108,42,0.5,yes
AB406,c14k98,Small,C,119,54,0.5,no
AB407,c14k99,Small,C,159,60,1,no
AB408,c15k1,Small,C,119,66,0.5,yes
AB409,c15k2,Small,C,131,18,0.5,yes
AB410,c15k3,Small,C,165,76,1,yes
AB411,c15k4,Small,C,168,32,1,yes
AB412,c15k5,Small,C,76,85,0.5,yes
AB413,c15k6,Small,C,155,55,1,no
AB414,c15k7,Small,C,113,62,0.5,no
AB415,c15k8,Small,C,118,34,0.5,yes
AB416,c15k9,Small,C,174,36,1,no
AB417,c15k10,Small,C,149,27,0.5,yes
AB418,c15k11,Small,C,246,7,2,yes
AB419,c15k12,Small,C,248,79,2,yes
AB420,c15k13,Small,C,206,58,1,no
AB421,c15k14,Small,C,257,68,2,yes
AB422,c15k15,Small,C,230,86,2,yes
AB423,c15k16,Small,C,300,50,3,yes
AB424,c15k17,Small,C,230,39,2,yes
AB425,c15k18,Small,C,305,66,4,yes
AB426,c15k19,Small,C,321,55,4,yes
AB427,c15k20,Small,C,206,66,1,yes
AB428,c15k21,Small,C,324,63,4,yes
AB429,c15k22,Small,C,270,60,3,no
AB430,c15k23,Small,C,276,48,3,yes
AB431,c15k24,Small,C,247,35,2,yes
AB432,c15k25,Small,C,241,75,2,yes
AB433,c15k26,Small,C,232,87,2,no
AB434,c15k27,Small,C,264,48,3,yes
AB435,c15k28,Small,C,278,13,3,no
AB436,c15k29,Small,C,299,61,3,yes
AB437,c15k30,Small,C,183,68,1,yes
AB438,c15k31,Small,C,253,40,2,no
AB439,c15k32,Small,C,267,16,3,yes
AB440,c15k33,Small,C,284,41,3,no
AB441,c15k34,Small,C,263,36,3,yes
AB442,c15k35,Small,C,321,27,4,yes
AB443,c15k36,Small,C,249,67,2,no
AB444,c15k37,Small,C,220,74,2,no
AB445,c15k38,Small,C,263,28,3,yes
AB446,c15k39,Small,C,257,52,2,yes
AB447,c15k40,Small,C,250,91,2,yes
AB448,c15k41,Small,C,222,78,2,yes
AB449,c15k42,Small,C,197,41,1,no
AB450,c15k43,Small,C,292,29,3,yes
AB451,c15k44,Small,C,286,13,3,yes
AB452,c15k45,Small,C,186,60,1,yes
AB453,c15k46,Small,C,262,56,2,yes
AB454,c15k47,Small,C,200,17,1,no
AB455,c15k48,Small,C,267,44,3,no
AB456,c15k49,Small,C,267,24,3,no
AB457,c15k50,Small,C,260,80,2,yes
AB458,c15k51,Small,C,236,43,2,yes
AB459,c15k52,Small,C,365,29,6,yes
AB460,c15k53,Small,C,192,57,1,no
AB461,c15k54,Small,C,292,13,3,yes
AB462,c15k55,Small,C,316,43,4,no
AB463,c15k56,Small,C,224,74,2,yes
AB464,c15k57,Small,C,252,28,2,yes
AB465,c15k58,Small,C,233,67,2,yes
AB466,c15k59,Small,C,221,54,2,yes
AB467,c15k60,Small,C,312,30,4,no
AB468,c15k61,Small,C,272,40,3,no
AB469,c15k62,Small,C,222,90,2,yes
AB470,c15k63,Small,C,265,52,3,no
AB471,c15k64,Small,C,216,62,2,yes
AB472,c15k65,Small,C,221,66,2,yes
AB473,c15k66,Small,C,247,91,2,no
AB474,c15k67,Small,C,251,51,2,yes
AB475,c15k68,Small,C,235,59,2,no
AB476,c15k69,Small,C,323,63,4,no
AB477,c15k70,Small,C,253,24,2,yes
AB478,c15k71,Small,C,243,67,2,yes
AB479,c15k72,Small,C,300,66,3,yes
AB480,c15k73,Small,C,320,71,4,yes
AB481,c15k74,Small,C,227,50,2,no
AB482,c15k75,Small,C,251,11,2,yes
AB483,c15k76,Small,C,262,60,2,no
AB484,c15k77,Small,C,286,61,3,no
AB485,c15k78,Small,C,237,23,2,yes
AB486,c15k79,Small,C,342,40,5,no
AB487,c15k80,Small,C,259,28,2,yes
AB488,c15k81,Small,C,195,61,1,no
AB489,c15k82,Small,C,201,57,1,no
AB490,c15k83,Small,C,260,32,2,no
AB491,c15k84,Small,C,219,10,2,yes
AB492,c15k85,Small,C,246,35,2,no
AB493,c15k86,Small,C,290,41,3,no
AB494,c15k87,Small,C,292,17,3,no
AB495,c15k88,Small,C,324,75,4,yes
AB496,c15k89,Small,C,235,87,2,yes
AB497,c15k90,Small,C,239,31,2,yes
AB498,c15k91,Small,C,343,84,5,yes
AB499,c15k92,Small,C,367,85,6,yes
AB500,c15k93,Small,C,278,17,3,no
AB501,c15k94,Small,C,275,44,3,no
AB502,c15k95,Small,C,268,52,3,no
AB503,c15k96,Small,C,234,23,2,no
AB504,c15k97,Small,C,305,38,4,no
AB505,c15k98,Small,C,219,6,2,no
AB506,c15k99,Small,C,258,52,2,yes
AB507,c16k1,Small,C,317,31,4,no
AB508,c16k2,Small,C,383,26,6,no
AB509,c16k3,Small,C,226,38,2,yes
AB510,c16k4,Small,C,213,50,1,yes
AB511,c16k5,Small,C,236,79,2,yes
AB512,c16k6,Small,C,250,75,2,yes
AB513,c16k7,Small,C,188,29,1,yes
AB514,c16k8,Small,C,213,58,1,no
AB515,c16k9,Small,C,274,44,3,no
AB516,c16k10,Small,C,249,27,2,yes
AB517,c16k11,Small,C,336,60,5,yes
AB518,c16k12,Small,C,223,82,2,yes
AB519,c16k13,Small,C,280,21,3,yes
AB520,c16k14,Small,C,210,26,1,yes
AB521,c16k15,Small,C,270,76,3,no
AB522,c16k16,Small,C,248,83,2,yes
AB523,c16k17,Small,C,299,89,3,no
AB524,c16k18,Small,C,266,68,3,no
AB525,c16k19,Small,C,274,76,3,yes
AB526,c16k20,Small,C,263,24,3,yes
AB527,c16k21,Small,C,179,40,1,yes
AB528,c16k22,Small,C,214,34,1,no
AB529,c16k23,Small,C,219,78,2,yes
AB530,c16k24,Small,C,328,15,4,no
AB531,c16k25,Small,C,289,77,3,no
AB532,c16k26,Small,C,245,39,2,no
AB533,c16k27,Small,C,228,70,2,yes
AB534,c16k28,Small,C,253,60,2,yes
AB535,c16k29,Small,C,286,41,3,yes
AB536,c16k30,Small,C,190,65,1,no
AB537,c16k31,Small,C,242,23,2,no
AB538,c16k32,Small,C,218,22,2,no
AB539,c16k33,Small,C,201,81,1,yes
AB540,c16k34,Small,C,283,65,3,no
AB541,c16k35,Small,C,227,34,2,yes
AB542,c16k36,Small,C,364,97,6,no
AB543,c16k37,Small,C,318,71,4,yes
AB544,c16k38,Small,C,341,16,5,yes
AB545,c16k39,Small,C,296,41,3,yes
AB546,c16k40,Small,C,209,38,1,yes
AB547,c16k41,Small,C,202,45,1,yes
AB548,c16k42,Small,C,283,77,3,no
AB549,c16k43,Small,C,234,11,2,yes
AB550,c16k44,Small,C,176,84,1,no
AB551,c16k45,Small,C,212,10,1,no
AB552,c16k46,Small,C,243,47,2,no
AB553,c16k47,Small,C,308,14,4,no
AB554,c16k48,Small,C,236,35,2,no
AB555,c16k49,Small,C,279,85,3,yes
AB556,c16k50,Small,C,237,31,2,yes
AB557,c16k51,Small,C,220,86,2,no
AB558,c16k52,Small,C,220,18,2,yes
AB559,c16k53,Small,C,208,78,1,yes
AB560,c16k54,Small,C,243,75,2,yes
AB561,c16k55,Small,C,191,45,1,yes
AB562,c16k56,Small,C,229,26,2,no
AB563,c16k57,Small,C,213,18,1,yes
AB564,c16k58,Small,C,302,30,4,no
AB565,c16k59,Small,C,262,16,2,yes
AB566,c16k60,Small,C,200,69,1,yes
AB567,c16k61,Small,C,246,39,2,yes
AB568,c16k62,Small,C,304,38,4,yes
AB569,c16k63,Small,C,247,15,2,yes
AB591,c16k64,Small,C,460,83,9,no
AB599,c16k65,Small,C,490,26,10.5,no
AB604,c16k66,Small,C,494,26,10.5,no
AB608,c16k67,Small,C,480,89,10,yes
AB623,c16k68,Small,D,486,97,10.5,yes
AB639,c16k69,Small,D,470,24,10,no
AB640,c16k70,Small,D,370,38,6,yes
AB641,c16k71,Small,D,430,37,8,yes
AB649,c16k72,Small,D,470,24,10,no
AB661,c16k73,Small,D,460,96,9,no
AB669,c16k74,Small,D,490,42,10.5,no
AB677,c16k75,Small,D,480,61,10,no
AB679,c16k76,Small,D,490,50,10.5,yes
AB703,c16k77,Small,D,470,68,10,yes
AB729,c16k78,Small,D,495,90,10.5,no
AB730,c16k79,Small,D,420,101,8,yes
AB753,c16k80,Small,D,496,30,10.5,yes
AB754,c16k81,Small,D,474,97,10,no
AB768,c16k82,Small,D,490,38,10.5,yes
AB800,c16k83,Small,D,492,86,10.5,yes
AB801,c16k84,Small,D,490,34,10.5,yes
AB811,c16k85,Small,D,480,73,10,yes
AB827,c16k86,Small,D,470,84,10,yes
AB833,c16k87,Small,D,470,36,10,yes
AB852,c16k88,Small,E,480,89,10,yes
AB881,c16k89,Small,E,470,32,10,no
AB958,c16k90,Small,E,490,38,10.5,yes
AB962,c16k91,Small,E,499,94,10.5,yes
AB049,c16k92,Medium,A,528,89,13,yes
AB052,c16k93,Medium,A,510,35,12,yes
AB058,c16k94,Medium,A,556,92,14,yes
AB073,c16k95,Medium,A,553,60,14,no
AB076,c16k96,Medium,A,500,87,11,yes
AB090,c16k97,Medium,A,521,57,13,no
AB091,c16k98,Medium,A,550,75,14,no
AB093,c16k99,Medium,A,651,42,22,no
AB094,c17k1,Medium,A,671,119,23,yes
AB095,c17k2,Medium,A,771,69,30,yes
AB096,c17k3,Medium,A,741,90,27,yes
AB1000,c17k4,Medium,A,610,65,18,yes
AB1001,c17k5,Medium,A,674,88,23,yes
AB1002,c17k6,Medium,A,743,127,27,no
AB1003,c17k7,Medium,A,759,112,29,no
AB1004,c17k8,Medium,A,844,141,35,no
AB1005,c17k9,Medium,A,822,123,34,yes
AB1006,c17k10,Medium,A,760,124,29,no
AB1007,c17k11,Medium,A,740,122,27,no
AB1009,c17k12,Medium,A,600,44,17,yes
AB1010,c17k13,Medium,A,600,96,18,yes
AB1011,c17k14,Medium,A,640,49,21,no
AB1012,c17k15,Medium,A,680,124,23,no
AB1013,c17k16,Medium,A,700,97,24,yes
AB1014,c17k17,Medium,A,740,62,27,yes
AB1015,c17k18,Medium,A,834,140,35,yes
AB1016,c17k19,Medium,A,935,119,42,no
AB1017,c17k20,Medium,A,553,92,14,yes
AB1018,c17k21,Medium,A,570,57,15,no
AB1019,c17k22,Medium,A,694,53,24,no
AB102,c17k23,Medium,A,550,67,14,yes
AB1020,c17k24,Medium,A,730,126,27,no
AB1021,c17k25,Medium,A,710,63,25,yes
AB1022,c17k26,Medium,A,691,57,24,yes
AB1023,c17k27,Medium,A,750,99,28,yes
AB1024,c17k28,Medium,A,925,107,42,no
AB1025,c17k29,Medium,A,772,53,30,no
AB1027,c17k30,Medium,A,950,113,43,yes
AB103,c17k31,Medium,A,662,50,22,yes
AB1030,c17k32,Medium,A,710,92,26,yes
AB1031,c17k33,Medium,A,900,97,40,yes
AB1032,c17k34,Medium,A,532,61,13,yes
AB1033,c17k35,Medium,A,730,101,27,yes
AB1034,c17k36,Medium,A,790,54,31,yes
AB1035,c17k37,Medium,A,902,85,41,yes
AB1036,c17k38,Medium,A,904,77,41,yes
AB1037,c17k39,Medium,A,986,96,46,yes
AB104,c17k40,Medium,A,504,39,12,yes
AB1043,c17k41,Medium,A,990,129,47,yes
AB1045,c17k42,Medium,A,715,124,26,yes
AB1046,c17k43,Medium,A,884,92,38,yes
AB1047,c17k44,Medium,A,601,32,18,no
AB1048,c17k45,Medium,A,621,63,19,yes
AB1049,c17k46,Medium,A,672,39,23,yes
AB105,c17k47,Medium,A,589,103,16,yes
AB1050,c17k48,Medium,A,550,75,14,yes
AB1051,c17k49,Medium,A,675,48,23,no
AB1052,c17k50,Medium,A,730,117,27,no
AB1053,c17k51,Medium,A,535,26,13,yes
AB1054,c17k52,Medium,A,600,36,18,yes
AB1055,c17k53,Medium,A,550,87,14,yes
AB1056,c17k54,Medium,A,647,93,21,yes
AB1057,c17k55,Medium,A,610,89,18,no
AB1058,c17k56,Medium,A,630,95,19,yes
AB1059,c17k57,Medium,A,697,77,24,no
AB1060,c17k58,Medium,A,705,107,25,yes
AB1061,c17k59,Medium,A,574,73,15,no
AB1062,c17k60,Medium,A,664,110,22,no
AB1063,c17k61,Medium,A,680,96,23,yes
AB1064,c17k62,Medium,A,721,105,27,yes
AB1065,c17k63,Medium,A,704,55,25,no
AB1066,c17k64,Medium,A,850,102,36,yes
AB1067,c17k65,Medium,A,810,97,33,yes
AB1068,c17k66,Medium,A,872,87,38,no
AB1069,c17k67,Medium,A,937,127,43,yes
AB107,c17k68,Medium,A,560,72,15,yes
AB1070,c17k69,Medium,A,820,106,34,yes
AB1071,c17k70,Medium,A,980,75,46,yes
AB1073,c17k71,Medium,A,899,93,40,yes
AB1074,c17k72,Medium,A,534,37,13,yes
AB1075,c17k73,Medium,A,563,64,15,no
AB1076,c17k74,Medium,A,590,47,17,yes
AB1077,c17k75,Medium,A,611,102,19,yes
AB1078,c17k76,Medium,A,670,111,22,no
AB1079,c17k77,Medium,A,557,32,14,yes
AB108,c17k78,Medium,A,635,40,20,no
AB1080,c17k79,Medium,A,670,75,23,yes
AB1081,c17k80,Medium,A,814,106,33,no
AB1082,c17k81,Medium,A,851,90,36,yes
AB1083,c17k82,Medium,A,830,127,34,yes
AB1085,c17k83,Medium,A,585,59,16,no
AB1086,c17k84,Medium,A,589,91,16,yes
AB1087,c17k85,Medium,A,568,44,15,yes
AB1088,c17k86,Medium,A,710,76,26,no
AB1089,c17k87,Medium,A,740,126,27,yes
AB109,c17k88,Medium,A,551,99,14,yes
AB1090,c17k89,Medium,A,760,92,29,yes
AB1091,c17k90,Medium,A,704,103,25,no
AB1092,c17k91,Medium,A,960,74,45,yes
AB1095,c17k92,Medium,A,986,124,46,yes
AB1097,c17k93,Medium,A,599,36,17,yes
AB1099,c17k94,Medium,A,580,97,16,yes
AB110,c17k95,Medium,A,520,69,12,no
AB1100,c17k96,Medium,A,560,52,15,no
AB1101,c17k97,Medium,A,610,53,18,no
AB1102,c17k98,Medium,A,580,62,16,no
AB1103,c17k99,Medium,A,640,109,21,yes
AB1104,c18k1,Medium,A,584,110,16,yes
AB1105,c18k2,Medium,A,680,80,23,yes
AB1106,c18k3,Medium,A,710,91,25,yes
AB1107,c18k4,Medium,A,837,124,35,no
AB1109,c18k5,Medium,A,798,63,32,yes
AB111,c18k6,Medium,A,990,141,47,no
AB1110,c18k7,Medium,A,513,96,12,yes
AB1111,c18k8,Medium,A,670,115,22,no
AB1112,c18k9,Medium,A,576,105,15,yes
AB1113,c18k10,Medium,A,530,61,13,yes
AB1114,c18k11,Medium,A,635,116,20,yes
AB1115,c18k12,Medium,A,870,139,38,no
AB1119,c18k13,Medium,A,630,80,20,yes
AB112,c18k14,Medium,A,780,81,30,no
AB1120,c18k15,Medium,A,680,52,23,yes
AB1121,c18k16,Medium,A,610,45,18,yes
AB1122,c18k17,Medium,A,820,82,34,yes
AB1127,c18k18,Medium,A,712,56,26,no
AB1128,c18k19,Medium,A,660,54,22,no
AB1129,c18k20,Medium,A,630,40,20,no
AB1131,c18k21,Medium,A,627,71,19,yes
AB1133,c18k22,Medium,A,570,65,15,yes
AB1134,c18k23,Medium,A,619,78,19,no
AB1136,c18k24,Medium,A,700,51,25,yes
AB1137,c18k25,Medium,A,874,79,38,no
AB1138,c18k26,Medium,A,637,104,20,no
AB1139,c18k27,Medium,A,510,36,12,no
AB114,c18k28,Medium,A,500,91,12,no
AB1140,c18k29,Medium,A,502,83,12,no
AB1141,c18k30,Medium,A,510,44,12,no
AB1142,c18k31,Medium,A,645,89,21,no
AB1143,c18k32,Medium,A,660,38,22,yes
AB1144,c18k33,Medium,A,675,72,23,no
AB1145,c18k34,Medium,A,650,117,21,yes
AB1146,c18k35,Medium,A,760,84,29,no
AB1147,c18k36,Medium,A,960,73,44,yes
AB1149,c18k37,Medium,A,540,38,13,no
AB115,c18k38,Medium,A,656,106,22,no
AB1150,c18k39,Medium,A,512,92,12,no
AB1152,c18k40,Medium,A,560,60,15,no
AB1154,c18k41,Medium,A,525,57,13,no
AB1155,c18k42,Medium,A,610,57,18,no
AB1156,c18k43,Medium,A,640,80,21,no
AB1157,c18k44,Medium,A,794,67,31,no
AB1158,c18k45,Medium,A,704,63,25,no
AB1159,c18k46,Medium,A,766,65,29,no
AB1160,c18k47,Medium,A,850,113,36,no
AB1161,c18k48,Medium,A,989,73,47,no
AB1162,c18k49,Medium,A,660,74,22,yes
AB1163,c18k50,Medium,A,620,71,19,yes
AB1164,c18k51,Medium,A,753,56,29,yes
AB1165,c18k52,Medium,A,760,68,29,no
AB1166,c18k53,Medium,A,880,60,38,yes
AB1167,c18k54,Medium,A,850,125,36,yes
AB1168,c18k55,Medium,A,610,69,18,no
AB1169,c18k56,Medium,A,985,79,46,yes
AB1170,c18k57,Medium,A,720,92,26,yes
AB1171,c18k58,Medium,A,890,140,39,no
AB1173,c18k59,Medium,A,550,35,14,no
AB1174,c18k60,Medium,A,600,108,18,yes
AB1175,c18k61,Medium,A,600,36,17,no
AB1176,c18k62,Medium,A,780,58,30,no
AB1177,c18k63,Medium,A,859,118,37,yes
AB1178,c18k64,Medium,A,668,63,22,yes
AB1179,c18k65,Medium,A,580,90,16,no
AB1180,c18k66,Medium,A,721,85,27,yes
AB1181,c18k67,Medium,A,810,120,32,no
AB1182,c18k68,Medium,A,840,76,35,yes
AB1183,c18k69,Medium,A,656,62,22,no
AB1184,c18k70,Medium,A,680,120,23,no
AB1185,c18k71,Medium,A,610,82,18,no
AB1186,c18k72,Medium,A,990,145,47,no
AB1188,c18k73,Medium,A,621,59,19,yes
AB1189,c18k74,Medium,B,542,86,14,no
AB119,c18k75,Medium,B,948,129,43,no
AB1190,c18k76,Medium,B,556,52,14,yes
AB1191,c18k77,Medium,B,520,49,12,no
AB1192,c18k78,Medium,B,552,95,14,yes
AB1195,c18k79,Medium,B,580,106,16,yes
AB1196,c18k80,Medium,B,623,95,19,no
AB1197,c18k81,Medium,B,730,81,27,no
AB1198,c18k82,Medium,B,958,149,44,no
AB120,c18k83,Medium,B,600,48,18,no
AB1200,c18k84,Medium,B,560,48,15,no
AB1201,c18k85,Medium,B,780,94,30,yes
AB1202,c18k86,Medium,B,870,74,37,yes
AB1203,c18k87,Medium,B,784,70,31,yes
AB1204,c18k88,Medium,B,820,58,33,yes
AB1205,c18k89,Medium,B,675,100,23,no
AB1207,c18k90,Medium,B,920,118,41,yes
AB1208,c18k91,Medium,B,678,68,23,no
AB1210,c18k92,Medium,B,940,99,43,no
AB1213,c18k93,Medium,B,530,105,13,yes
AB1214,c18k94,Medium,B,538,30,13,yes
AB1215,c18k95,Medium,B,580,41,16,no
AB1216,c18k96,Medium,B,632,112,20,no
AB1218,c18k97,Medium,B,580,102,16,no
AB1221,c18k98,Medium,B,500,75,11,yes
AB1222,c18k99,Medium,B,600,108,17,no
AB1223,c19k1,Medium,B,637,108,20,no
AB1225,c19k2,Medium,B,560,44,15,yes
AB1227,c19k3,Medium,B,590,79,16,yes
AB1228,c19k4,Medium,B,823,75,34,yes
AB1230,c19k5,Medium,B,600,56,17,no
AB1233,c19k6,Medium,B,600,84,17,no
AB1234,c19k7,Medium,B,704,47,25,yes
AB1235,c19k8,Medium,B,530,97,13,no
AB1236,c19k9,Medium,B,530,37,13,no
AB1237,c19k10,Medium,B,774,89,30,yes
AB1239,c19k11,Medium,B,550,95,14,no
AB1240,c19k12,Medium,B,660,50,22,no
AB1242,c19k13,Medium,B,520,85,12,yes
AB1243,c19k14,Medium,B,540,74,13,yes
AB1244,c19k15,Medium,B,590,47,17,yes
AB1245,c19k16,Medium,B,720,117,27,no
AB1246,c19k17,Medium,B,550,59,14,no
AB1247,c19k18,Medium,B,880,84,38,yes
AB1248,c19k19,Medium,B,519,92,12,yes
AB1249,c19k20,Medium,B,530,61,13,no
AB1250,c19k21,Medium,B,730,89,27,no
AB1253,c19k22,Medium,B,820,102,33,no
AB1254,c19k23,Medium,B,530,65,13,yes
AB1255,c19k24,Medium,B,630,79,20,yes
AB1256,c19k25,Medium,B,618,70,19,yes
AB1257,c19k26,Medium,B,750,88,28,yes
AB1258,c19k27,Medium,B,545,42,14,no
AB1259,c19k28,Medium,B,860,130,37,no
AB1260,c19k29,Medium,B,904,137,41,no
AB1261,c19k30,Medium,B,887,108,39,yes
AB1262,c19k31,Medium,B,510,60,12,yes
AB1263,c19k32,Medium,B,610,46,18,no
AB1264,c19k33,Medium,B,550,107,14,yes
AB1265,c19k34,Medium,B,589,107,16,yes
AB1266,c19k35,Medium,B,671,111,23,no
AB1267,c19k36,Medium,B,940,119,43,yes
AB1268,c19k37,Medium,B,580,58,16,yes
AB1269,c19k38,Medium,B,554,44,14,no
AB1270,c19k39,Medium,B,580,109,16,yes
AB1271,c19k40,Medium,B,505,27,12,yes
AB1272,c19k41,Medium,B,714,52,26,yes
AB1273,c19k42,Medium,B,621,43,19,yes
AB1274,c19k43,Medium,B,615,94,19,no
AB1275,c19k44,Medium,B,640,57,21,no
AB1276,c19k45,Medium,B,551,87,14,yes
AB1277,c19k46,Medium,B,821,71,34,yes
AB1278,c19k47,Medium,B,804,103,32,no
AB1279,c19k48,Medium,B,567,72,15,yes
AB1280,c19k49,Medium,B,963,106,45,yes
AB1281,c19k50,Medium,B,820,58,34,yes
AB1282,c19k51,Medium,B,662,94,22,yes
AB1284,c19k52,Medium,B,801,63,32,yes
AB1285,c19k53,Medium,B,669,79,22,yes
AB1286,c19k54,Medium,B,890,60,39,yes
AB1287,c19k55,Medium,B,695,53,24,yes
AB1288,c19k56,Medium,B,650,85,21,yes
AB1289,c19k57,Medium,B,957,101,43,yes
AB1290,c19k58,Medium,B,590,35,17,no
AB1291,c19k59,Medium,B,600,60,17,yes
AB1292,c19k60,Medium,B,675,88,23,no
AB1294,c19k61,Medium,B,605,81,18,yes
AB1295,c19k62,Medium,B,567,68,15,yes
AB1296,c19k63,Medium,B,674,47,23,yes
AB1297,c19k64,Medium,B,570,37,15,yes
AB1298,c19k65,Medium,B,619,46,19,yes
AB1299,c19k66,Medium,B,654,114,22,yes
AB1300,c19k67,Medium,B,896,117,40,yes
AB1301,c19k68,Medium,B,620,67,19,yes
AB1302,c19k69,Medium,B,944,131,43,no
AB1303,c19k70,Medium,B,503,91,12,yes
AB1304,c19k71,Medium,B,645,65,21,yes
AB1306,c19k72,Medium,B,570,101,15,yes
AB1307,c19k73,Medium,B,755,124,29,no
AB1309,c19k74,Medium,B,576,97,15,yes
AB1310,c19k75,Medium,B,667,102,22,no
AB1311,c19k76,Medium,B,623,87,19,yes
AB1312,c19k77,Medium,B,670,83,22,no
AB1313,c19k78,Medium,B,697,65,24,yes
AB1314,c19k79,Medium,B,980,75,46,yes
AB1315,c19k80,Medium,B,915,129,41,yes
AB1316,c19k81,Medium,B,649,117,21,no
AB1318,c19k82,Medium,B,511,104,12,yes
AB1319,c19k83,Medium,B,540,74,13,no
AB1320,c19k84,Medium,B,721,65,27,yes
AB1321,c19k85,Medium,B,619,94,19,yes
AB1322,c19k86,Medium,B,667,98,22,yes
AB1323,c19k87,Medium,B,600,96,18,no
AB1324,c19k88,Medium,B,564,68,15,yes
AB1325,c19k89,Medium,B,595,87,17,no
AB1326,c19k90,Medium,B,741,98,27,yes
AB1327,c19k91,Medium,B,500,42,11,yes
AB1328,c19k92,Medium,B,648,89,21,yes
AB1329,c19k93,Medium,B,713,52,26,no
AB1330,c19k94,Medium,B,672,59,23,yes
AB1331,c19k95,Medium,B,960,78,45,yes
AB1905,c19k96,Medium,C,500,59,12,no
AB1908,c19k97,Medium,C,600,76,17,no
AB1925,c19k98,Medium,C,510,24,12,no
AB1935,c19k99,Medium,C,519,88,12,yes
AB1941,c20k1,Medium,C,520,61,12,yes
AB1942,c20k2,Medium,C,560,84,14,yes
AB1959,c20k3,Medium,C,540,38,13,no
AB1987,c20k4,Medium,C,525,65,13,yes
AB2004,c20k5,Medium,C,560,100,15,yes
AB2012,c20k6,Medium,C,510,31,12,no
AB2013,c20k7,Medium,C,570,85,15,no
AB2014,c20k8,Medium,C,530,25,13,yes
AB2015,c20k9,Medium,C,520,64,12,no
AB2019,c20k10,Medium,C,530,89,13,yes
AB2020,c20k11,Medium,C,530,109,13,no
AB2029,c20k12,Medium,C,510,96,12,no
AB2031,c20k13,Medium,C,540,74,13,no
AB2042,c20k14,Medium,C,510,80,12,yes
AB2046,c20k15,Medium,C,530,69,13,no
AB2048,c20k16,Medium,C,530,41,13,yes
AB2051,c20k17,Medium,C,520,36,12,no
AB2052,c20k18,Medium,C,520,28,12,yes
AB2057,c20k19,Medium,C,500,47,12,no
AB2061,c20k20,Medium,C,510,84,12,no
AB2067,c20k21,Medium,C,539,66,13,yes
AB2079,c20k22,Medium,C,520,80,12,no
AB2083,c20k23,Medium,C,520,56,12,yes
AB2086,c20k24,Medium,C,550,43,14,no
AB2087,c20k25,Medium,C,542,110,14,yes
AB2091,c20k26,Medium,C,554,88,14,yes
AB2096,c20k27,Medium,C,500,47,12,yes
AB2106,c20k28,Medium,C,500,55,11,yes
AB2109,c20k29,Medium,C,530,109,13,no
AB2112,c20k30,Medium,C,500,95,12,no
AB2113,c20k31,Medium,C,550,67,14,yes
AB2125,c20k32,Medium,C,505,79,12,no
AB2127,c20k33,Medium,C,500,75,12,no
AB2138,c20k34,Medium,C,520,85,12,yes
AB2140,c20k35,Medium,C,520,92,12,yes
AB2154,c20k36,Medium,C,504,87,12,yes
AB2176,c20k37,Medium,C,507,95,12,yes
AB2177,c20k38,Medium,C,500,63,12,no
AB2179,c20k39,Medium,C,579,49,16,yes
AB2180,c20k40,Medium,C,523,41,13,no
AB2185,c20k41,Medium,C,500,83,11,yes
AB2191,c20k42,Medium,C,540,50,13,yes
AB2192,c20k43,Medium,C,530,41,13,no
AB2197,c20k44,Medium,C,550,47,14,no
AB2206,c20k45,Medium,C,520,81,12,yes
AB2214,c20k46,Medium,C,519,28,12,yes
AB2222,c20k47,Medium,C,590,91,16,no
AB2227,c20k48,Medium,C,512,92,12,no
AB2228,c20k49,Medium,C,502,103,12,yes
AB2238,c20k50,Medium,C,540,66,13,no
AB2251,c20k51,Medium,C,505,51,12,yes
AB2253,c20k52,Medium,C,510,72,12,yes
AB2256,c20k53,Medium,C,578,105,16,yes
AB2263,c20k54,Medium,C,523,89,13,yes
AB2267,c20k55,Medium,C,503,27,12,yes
AB2272,c20k56,Medium,C,571,65,15,yes
AB2281,c20k57,Medium,C,529,57,13,yes
AB2305,c20k58,Medium,C,500,87,12,no
AB2307,c20k59,Medium,C,578,33,16,yes
AB2308,c20k60,Medium,C,577,101,16,yes
AB2327,c20k61,Medium,C,500,94,11,no
AB2334,c20k62,Medium,C,550,47,14,yes
AB2337,c20k63,Medium,C,539,106,13,yes
AB2340,c20k64,Medium,C,604,81,18,yes
AB2352,c20k65,Medium,C,522,61,13,yes
AB2376,c20k66,Medium,C,579,105,16,yes
AB2378,c20k67,Medium,C,510,48,12,yes
AB2379,c20k68,Medium,C,591,39,17,yes
AB2382,c20k69,Medium,C,553,96,14,yes
AB2395,c20k70,Medium,C,578,77,16,yes
AB570,c20k71,Medium,C,530,49,13,no
AB571,c20k72,Medium,C,570,109,15,no
AB572,c20k73,Medium,C,508,87,12,yes
AB573,c20k74,Medium,C,530,97,13,yes
AB574,c20k75,Medium,C,550,87,14,yes
AB575,c20k76,Medium,C,550,35,14,yes
AB576,c20k77,Medium,C,600,52,17,no
AB577,c20k78,Medium,C,620,42,19,yes
AB578,c20k79,Medium,C,600,112,18,yes
AB579,c20k80,Medium,C,700,97,24,yes
AB580,c20k81,Medium,C,550,67,14,yes
AB581,c20k82,Medium,C,540,98,13,yes
AB582,c20k83,Medium,C,570,53,15,yes
AB583,c20k84,Medium,C,665,58,22,no
AB584,c20k85,Medium,C,630,60,20,yes
AB585,c20k86,Medium,C,620,79,19,no
AB586,c20k87,Medium,C,620,99,19,no
AB587,c20k88,Medium,C,660,118,22,no
AB588,c20k89,Medium,C,650,41,21,yes
AB589,c20k90,Medium,C,580,70,16,yes
AB592,c20k91,Medium,C,610,97,18,no
AB593,c20k92,Medium,C,590,111,17,no
AB594,c20k93,Medium,C,808,63,32,no
AB595,c20k94,Medium,C,510,64,12,yes
AB596,c20k95,Medium,C,570,77,15,no
AB597,c20k96,Medium,C,570,73,15,yes
AB598,c20k97,Medium,C,630,111,20,yes
AB600,c20k98,Medium,C,620,47,19,no
AB601,c20k99,Medium,C,830,135,34,no
AB602,c22k1,Medium,C,840,89,35,yes
AB603,c22k2,Medium,C,610,97,18,yes
AB605,c22k3,Medium,C,619,62,19,yes
AB606,c22k4,Medium,C,500,39,12,yes
AB607,c22k5,Medium,C,580,82,16,yes
AB609,c22k6,Medium,C,553,92,14,no
AB610,c22k7,Medium,C,542,50,14,no
AB611,c22k8,Medium,C,640,69,21,no
AB612,c22k9,Medium,D,640,61,21,no
AB613,c22k10,Medium,D,725,89,27,yes
AB614,c22k11,Medium,D,550,47,14,yes
AB615,c22k12,Medium,D,920,142,41,yes
AB616,c22k13,Medium,D,530,81,13,yes
AB617,c22k14,Medium,D,630,44,20,no
AB618,c22k15,Medium,D,900,77,40,no
AB619,c22k16,Medium,D,510,60,12,yes
AB620,c22k17,Medium,D,520,104,12,no
AB621,c22k18,Medium,D,590,55,16,yes
AB622,c22k19,Medium,D,580,58,16,yes
AB624,c22k20,Medium,D,700,122,24,no
AB625,c22k21,Medium,D,630,80,20,yes
AB626,c22k22,Medium,D,580,109,16,no
AB627,c22k23,Medium,D,840,85,35,yes
AB628,c22k24,Medium,D,650,93,21,yes
AB629,c22k25,Medium,D,650,61,21,yes
AB630,c22k26,Medium,D,640,53,21,no
AB631,c22k27,Medium,D,560,92,15,yes
AB632,c22k28,Medium,D,710,103,25,no
AB633,c22k29,Medium,D,690,77,24,yes
AB634,c22k30,Medium,D,710,116,26,yes
AB635,c22k31,Medium,D,828,95,34,yes
AB638,c22k32,Medium,D,570,41,15,yes
AB642,c22k33,Medium,D,570,37,15,yes
AB643,c22k34,Medium,D,540,106,13,no
AB644,c22k35,Medium,D,640,61,21,no
AB645,c22k36,Medium,D,575,77,15,yes
AB646,c22k37,Medium,D,610,69,18,yes
AB647,c22k38,Medium,D,710,83,25,yes
AB648,c22k39,Medium,D,580,74,16,no
AB650,c22k40,Medium,D,650,101,21,no
AB651,c22k41,Medium,D,580,46,16,no
AB652,c22k42,Medium,D,540,106,14,no
AB653,c22k43,Medium,D,530,73,13,yes
AB654,c22k44,Medium,D,597,108,17,no
AB655,c22k45,Medium,D,536,70,13,yes
AB656,c22k46,Medium,D,640,113,21,no
AB657,c22k47,Medium,D,660,74,22,yes
AB658,c22k48,Medium,D,720,52,26,no
AB659,c22k49,Medium,D,780,65,30,yes
AB660,c22k50,Medium,D,930,127,42,yes
AB662,c22k51,Medium,D,590,107,17,no
AB663,c22k52,Medium,D,630,84,20,yes
AB664,c22k53,Medium,D,640,97,21,no
AB665,c22k54,Medium,D,690,108,23,yes
AB666,c22k55,Medium,D,720,92,26,yes
AB667,c22k56,Medium,D,810,124,32,yes
AB668,c22k57,Medium,D,550,95,14,no
AB671,c22k58,Medium,D,511,68,12,yes
AB672,c22k59,Medium,D,500,99,11,no
AB673,c22k60,Medium,D,630,59,20,yes
AB674,c22k61,Medium,D,590,99,16,no
AB675,c22k62,Medium,D,600,92,17,yes
AB676,c22k63,Medium,D,520,101,12,yes
AB678,c22k64,Medium,D,550,31,14,yes
AB680,c22k65,Medium,D,570,93,15,no
AB681,c22k66,Medium,D,520,93,12,no
AB682,c22k67,Medium,D,650,81,22,yes
AB683,c22k68,Medium,D,656,90,22,no
AB684,c22k69,Medium,D,630,51,20,yes
AB685,c22k70,Medium,D,676,72,23,no
AB686,c22k71,Medium,D,620,67,19,no
AB687,c22k72,Medium,D,650,77,21,yes
AB688,c22k73,Medium,D,692,69,24,yes
AB689,c22k74,Medium,D,708,47,25,yes
AB690,c22k75,Medium,D,750,95,28,yes
AB691,c22k76,Medium,D,770,81,30,yes
AB692,c22k77,Medium,D,555,92,14,yes
AB693,c22k78,Medium,D,640,93,21,no
AB694,c22k79,Medium,D,600,88,17,yes
AB695,c22k80,Medium,D,600,68,18,yes
AB696,c22k81,Medium,D,580,90,16,no
AB697,c22k82,Medium,D,610,86,18,yes
AB698,c22k83,Medium,D,560,76,15,yes
AB699,c22k84,Medium,D,690,117,24,yes
AB700,c22k85,Medium,D,593,95,17,yes
AB701,c22k86,Medium,D,630,104,20,yes
AB702,c22k87,Medium,D,520,85,12,no
AB704,c22k88,Medium,D,570,65,15,no
AB705,c22k89,Medium,D,540,86,13,no
AB706,c22k90,Medium,D,540,90,13,yes
AB707,c22k91,Medium,D,560,52,14,yes
AB708,c22k92,Medium,D,630,87,20,yes
AB709,c22k93,Medium,D,505,35,12,yes
AB710,c22k94,Medium,D,630,75,20,yes
AB711,c22k95,Medium,D,630,71,20,no
AB712,c22k96,Medium,D,620,99,19,no
AB713,c22k97,Medium,D,590,55,16,yes
AB714,c22k98,Medium,D,630,111,19,yes
AB715,c22k99,Medium,D,710,87,25,no
AB716,c23k1,Medium,D,600,104,17,no
AB717,c23k2,Medium,D,700,101,24,no
AB718,c23k3,Medium,D,650,89,21,yes
AB719,c23k4,Medium,D,630,103,19,yes
AB720,c23k5,Medium,D,730,129,27,yes
AB721,c23k6,Medium,D,740,94,27,yes
AB722,c23k7,Medium,D,820,98,33,yes
AB723,c23k8,Medium,D,900,97,40,yes
AB724,c23k9,Medium,D,835,92,35,no
AB726,c23k10,Medium,D,920,118,41,no
AB728,c23k11,Medium,D,550,95,14,yes
AB731,c23k12,Medium,D,650,117,21,no
AB732,c23k13,Medium,D,570,73,15,no
AB733,c23k14,Medium,D,680,84,23,no
AB734,c23k15,Medium,D,584,30,16,yes
AB735,c23k16,Medium,D,570,45,15,no
AB736,c23k17,Medium,D,610,85,18,yes
AB737,c23k18,Medium,D,830,123,34,no
AB738,c23k19,Medium,D,760,124,29,yes
AB739,c23k20,Medium,D,730,57,27,no
AB740,c23k21,Medium,D,800,67,32,no
AB743,c23k22,Medium,D,940,103,43,no
AB750,c23k23,Medium,D,521,85,13,yes
AB751,c23k24,Medium,D,564,84,15,no
AB752,c23k25,Medium,D,508,55,12,yes
AB755,c23k26,Medium,D,500,71,11,no
AB756,c23k27,Medium,D,620,111,19,yes
AB757,c23k28,Medium,D,640,48,21,no
AB758,c23k29,Medium,D,650,65,21,yes
AB759,c23k30,Medium,D,770,121,29,yes
AB760,c23k31,Medium,D,810,130,33,no
AB761,c23k32,Medium,D,810,96,32,yes
AB762,c23k33,Medium,D,760,56,29,yes
AB763,c23k34,Medium,D,811,94,33,yes
AB764,c23k35,Medium,D,856,138,36,yes
AB765,c23k36,Medium,D,920,130,42,yes
AB769,c23k37,Medium,D,590,87,17,no
AB770,c23k38,Medium,D,700,126,24,yes
AB771,c23k39,Medium,D,600,60,17,yes
AB772,c23k40,Medium,D,700,98,24,yes
AB773,c23k41,Medium,D,500,51,12,yes
AB774,c23k42,Medium,D,550,51,14,no
AB775,c23k43,Medium,D,550,55,14,no
AB776,c23k44,Medium,D,569,60,15,yes
AB777,c23k45,Medium,D,580,54,16,yes
AB778,c23k46,Medium,D,610,113,18,yes
AB779,c23k47,Medium,D,580,50,16,yes
AB780,c23k48,Medium,D,590,39,17,yes
AB781,c23k49,Medium,D,613,110,19,yes
AB782,c23k50,Medium,D,700,105,24,no
AB783,c23k51,Medium,D,750,108,28,yes
AB784,c23k52,Medium,D,700,70,24,yes
AB785,c23k53,Medium,D,680,40,23,no
AB786,c23k54,Medium,D,780,121,30,yes
AB787,c23k55,Medium,D,690,65,23,no
AB788,c23k56,Medium,D,810,96,32,no
AB789,c23k57,Medium,D,790,102,31,yes
AB790,c23k58,Medium,D,810,57,32,no
AB791,c23k59,Medium,D,990,97,47,yes
AB792,c23k60,Medium,D,610,49,18,no
AB793,c23k61,Medium,D,740,106,27,yes
AB794,c23k62,Medium,D,640,121,21,no
AB795,c23k63,Medium,D,628,91,19,yes
AB796,c23k64,Medium,D,810,57,32,yes
AB797,c23k65,Medium,D,810,117,33,no
AB798,c23k66,Medium,D,880,120,38,no
AB802,c23k67,Medium,D,630,99,20,yes
AB803,c23k68,Medium,D,700,66,25,yes
AB804,c23k69,Medium,D,870,123,38,yes
AB805,c23k70,Medium,D,601,33,18,yes
AB806,c23k71,Medium,D,632,72,20,no
AB807,c23k72,Medium,D,944,104,43,no
AB808,c23k73,Medium,D,986,151,46,yes
AB809,c23k74,Medium,D,529,65,13,yes
AB810,c23k75,Medium,D,520,105,12,yes
AB812,c23k76,Medium,D,560,28,14,yes
AB813,c23k77,Medium,D,586,87,16,yes
AB814,c23k78,Medium,D,551,79,14,yes
AB815,c23k79,Medium,D,582,98,16,yes
AB816,c23k80,Medium,D,620,54,19,yes
AB817,c23k81,Medium,D,612,58,19,yes
AB818,c23k82,Medium,D,580,54,16,no
AB819,c23k83,Medium,D,620,70,19,yes
AB820,c23k84,Medium,D,810,120,32,yes
AB821,c23k85,Medium,D,674,92,23,yes
AB822,c23k86,Medium,D,630,115,20,yes
AB823,c23k87,Medium,D,692,93,24,yes
AB824,c23k88,Medium,D,683,96,23,no
AB825,c23k89,Medium,D,782,126,31,yes
AB826,c23k90,Medium,D,750,75,28,no
AB828,c23k91,Medium,D,545,102,14,yes
AB829,c23k92,Medium,D,595,87,17,yes
AB830,c23k93,Medium,D,550,91,14,no
AB831,c23k94,Medium,D,505,55,12,no
AB832,c23k95,Medium,D,711,68,26,no
AB834,c23k96,Medium,D,540,54,13,yes
AB835,c23k97,Medium,E,540,70,13,no
AB836,c23k98,Medium,E,590,79,17,no
AB837,c23k99,Medium,E,586,39,16,no
AB838,c24k1,Medium,E,680,68,23,yes
AB839,c24k2,Medium,E,722,89,27,no
AB840,c24k3,Medium,E,694,73,24,yes
AB841,c24k4,Medium,E,665,42,22,no
AB842,c24k5,Medium,E,700,85,24,yes
AB843,c24k6,Medium,E,710,91,25,no
AB844,c24k7,Medium,E,665,114,22,yes
AB845,c24k8,Medium,E,670,39,22,yes
AB846,c24k9,Medium,E,750,51,28,no
AB847,c24k10,Medium,E,780,85,30,yes
AB848,c24k11,Medium,E,892,92,40,yes
AB849,c24k12,Medium,E,866,78,37,yes
AB850,c24k13,Medium,E,564,32,15,yes
AB851,c24k14,Medium,E,615,90,19,no
AB853,c24k15,Medium,E,582,98,16,no
AB854,c24k16,Medium,E,750,51,28,yes
AB855,c24k17,Medium,E,830,64,35,yes
AB856,c24k18,Medium,E,810,113,32,no
AB857,c24k19,Medium,E,850,141,36,yes
AB858,c24k20,Medium,E,820,58,34,yes
AB859,c24k21,Medium,E,810,105,33,yes
AB860,c24k22,Medium,E,887,72,39,no
AB861,c24k23,Medium,E,870,135,38,yes
AB865,c24k24,Medium,E,565,44,15,no
AB866,c24k25,Medium,E,606,97,18,yes
AB867,c24k26,Medium,E,546,34,14,yes
AB868,c24k27,Medium,E,576,29,15,yes
AB869,c24k28,Medium,E,650,114,22,yes
AB870,c24k29,Medium,E,712,48,26,yes
AB871,c24k30,Medium,E,812,98,33,yes
AB872,c24k31,Medium,E,670,103,23,no
AB873,c24k32,Medium,E,590,95,17,yes
AB874,c24k33,Medium,E,700,122,24,no
AB875,c24k34,Medium,E,850,141,36,yes
AB876,c24k35,Medium,E,805,131,32,yes
AB877,c24k36,Medium,E,879,103,38,yes
AB879,c24k37,Medium,E,545,34,14,no
AB880,c24k38,Medium,E,600,92,17,yes
AB882,c24k39,Medium,E,510,99,12,no
AB883,c24k40,Medium,E,550,75,14,yes
AB884,c24k41,Medium,E,540,82,13,yes
AB885,c24k42,Medium,E,580,50,16,yes
AB886,c24k43,Medium,E,605,69,18,yes
AB887,c24k44,Medium,E,720,68,26,yes
AB888,c24k45,Medium,E,770,89,29,no
AB889,c24k46,Medium,E,855,90,36,yes
AB890,c24k47,Medium,E,999,114,48,yes
AB894,c24k48,Medium,E,510,28,12,yes
AB895,c24k49,Medium,E,594,99,17,yes
AB896,c24k50,Medium,E,620,98,19,yes
AB897,c24k51,Medium,E,720,100,26,yes
AB898,c24k52,Medium,E,670,115,23,yes
AB899,c24k53,Medium,E,750,75,28,no
AB900,c24k54,Medium,E,760,97,29,no
AB901,c24k55,Medium,E,868,62,37,yes
AB902,c24k56,Medium,E,630,91,20,yes
AB903,c24k57,Medium,E,850,114,36,yes
AB907,c24k58,Medium,E,990,113,48,no
AB909,c24k59,Medium,E,577,49,15,yes
AB910,c24k60,Medium,E,610,110,18,yes
AB911,c24k61,Medium,E,595,71,17,yes
AB913,c24k62,Medium,E,727,73,27,yes
AB914,c24k63,Medium,E,714,44,26,yes
AB915,c24k64,Medium,E,830,63,34,yes
AB917,c24k65,Medium,E,560,52,15,no
AB918,c24k66,Medium,E,783,66,31,yes
AB919,c24k67,Medium,E,951,73,43,yes
AB920,c24k68,Medium,E,555,56,14,yes
AB921,c24k69,Medium,E,531,93,13,no
AB922,c24k70,Medium,E,784,82,31,yes
AB923,c24k71,Medium,E,611,94,18,yes
AB924,c24k72,Medium,E,570,57,15,no
AB925,c24k73,Medium,E,610,41,18,no
AB926,c24k74,Medium,E,640,100,20,yes
AB927,c24k75,Medium,E,653,54,22,yes
AB928,c24k76,Medium,E,841,137,35,no
AB929,c24k77,Medium,E,758,48,29,yes
AB930,c24k78,Medium,E,946,84,43,yes
AB931,c24k79,Medium,E,925,111,42,yes
AB933,c24k80,Medium,E,550,87,14,yes
AB934,c24k81,Medium,E,610,73,18,yes
AB935,c24k82,Medium,E,790,74,31,yes
AB936,c24k83,Medium,E,530,93,13,yes
AB937,c24k84,Medium,E,519,92,12,yes
AB938,c24k85,Medium,E,520,52,12,no
AB939,c24k86,Medium,E,634,36,20,no
AB940,c24k87,Medium,E,620,111,19,yes
AB941,c24k88,Medium,E,610,53,18,yes
AB942,c24k89,Medium,E,610,86,18,no
AB943,c24k90,Medium,E,610,73,18,yes
AB944,c24k91,Medium,E,670,95,23,yes
AB945,c24k92,Medium,E,642,93,21,no
AB946,c24k93,Medium,E,670,71,23,no
AB947,c24k94,Medium,E,700,118,24,no
AB948,c24k95,Medium,E,705,99,25,no
AB949,c24k96,Medium,E,644,53,21,yes
AB950,c24k97,Medium,E,750,79,28,yes
AB951,c24k98,Medium,E,924,66,42,no
AB952,c24k99,Medium,E,730,69,27,yes
AB954,c25k1,Medium,E,970,83,46,yes
AB955,c25k2,Medium,E,944,64,43,no
AB959,c25k3,Medium,E,524,29,13,no
AB960,c25k4,Medium,E,591,51,17,yes
AB961,c25k5,Medium,E,590,79,16,yes
AB963,c25k6,Medium,E,590,79,16,yes
AB964,c25k7,Medium,E,540,66,13,yes
AB965,c25k8,Medium,E,601,65,18,no
AB966,c25k9,Medium,E,548,46,14,yes
AB967,c25k10,Medium,E,652,98,22,yes
AB968,c25k11,Medium,E,630,60,20,no
AB969,c25k12,Medium,E,892,112,40,yes
AB970,c25k13,Medium,E,809,123,32,no
AB971,c25k14,Medium,E,735,110,27,yes
AB972,c25k15,Medium,E,790,99,31,no
AB973,c25k16,Medium,E,620,86,19,yes
AB974,c25k17,Medium,E,790,90,31,yes
AB975,c25k18,Medium,E,790,107,31,yes
AB976,c25k19,Medium,E,910,109,41,yes
AB977,c25k20,Medium,E,890,88,39,yes
AB978,c25k21,Medium,E,801,99,32,no
AB979,c25k22,Medium,E,960,138,45,yes
AB980,c25k23,Medium,E,780,90,30,no
AB981,c25k24,Medium,E,847,65,36,no
AB982,c25k25,Medium,E,864,138,37,no
AB989,c25k26,Medium,E,852,142,36,no
AB990,c25k27,Medium,E,571,77,15,yes
AB991,c25k28,Medium,E,510,104,12,no
AB992,c25k29,Medium,E,610,93,18,yes
AB993,c25k30,Medium,E,520,65,12,yes
AB994,c25k31,Medium,E,540,54,13,yes
AB995,c25k32,Medium,E,550,51,14,no
AB996,c25k33,Medium,E,581,102,16,yes
AB997,c25k34,Medium,E,590,75,16,no
AB998,c25k35,Medium,E,655,82,22,no
AB999,c25k36,Medium,E,648,65,21,no
AB097,c25k37,Big,A,1131,112,61,no
AB098,c25k38,Big,A,1155,117,62,yes
AB1008,c25k39,Big,A,1390,171,77,yes
AB1026,c25k40,Big,A,1044,78,52,yes
AB1028,c25k41,Big,A,1193,122,63,yes
AB1029,c25k42,Big,A,1110,97,58,yes
AB1038,c25k43,Big,A,1044,90,52,yes
AB1039,c25k44,Big,A,1016,96,50,no
AB1040,c25k45,Big,A,1130,82,61,yes
AB1041,c25k46,Big,A,1100,109,58,yes
AB1042,c25k47,Big,A,1100,161,57,yes
AB1072,c25k48,Big,A,1434,157,83,yes
AB1084,c25k49,Big,A,1396,172,82,no
AB1093,c25k50,Big,A,1063,146,54,yes
AB1094,c25k51,Big,A,1153,144,62,yes
AB1096,c25k52,Big,A,1620,232,152,no
AB1108,c25k53,Big,A,1094,83,57,yes
AB1116,c25k54,Big,A,1090,137,55,yes
AB1117,c25k55,Big,A,1315,170,70,yes
AB1123,c25k56,Big,A,1020,133,50,yes
AB1124,c25k57,Big,A,1130,126,59,yes
AB1125,c25k58,Big,A,1450,133,94,yes
AB1126,c25k59,Big,A,1614,159,138,yes
AB1130,c25k60,Big,A,1080,140,54,yes
AB1132,c25k61,Big,A,2510,258,305,yes
AB1148,c25k62,Big,A,1230,140,64,yes
AB1153,c25k63,Big,A,1121,146,59,yes
AB1172,c25k64,Big,A,1440,133,84,yes
AB118,c25k65,Big,A,1118,109,59,no
AB1187,c25k66,Big,A,1459,176,99,no
AB1199,c25k67,Big,B,1150,88,62,yes
AB1206,c25k68,Big,B,1003,115,49,yes
AB1209,c25k69,Big,B,1060,90,53,no
AB1211,c25k70,Big,B,1050,142,52,yes
AB1212,c25k71,Big,B,1616,158,142,yes
AB1217,c25k72,Big,B,1101,117,58,yes
AB1220,c25k73,Big,B,1480,193,104,no
AB1231,c25k74,Big,B,1160,121,62,no
AB1232,c25k75,Big,B,1490,201,105,yes
AB1251,c25k76,Big,B,1003,147,49,yes
AB1283,c25k77,Big,B,1510,163,107,yes
AB1308,c25k78,Big,B,1170,158,63,no
AB1317,c25k79,Big,B,1030,122,51,no
AB590,c25k80,Big,C,1360,134,76,yes
AB636,c25k81,Big,D,1024,149,50,yes
AB637,c25k82,Big,D,1405,111,83,yes
AB670,c25k83,Big,D,1600,189,112,yes
AB725,c25k84,Big,D,1005,83,49,yes
AB727,c25k85,Big,D,1450,162,94,yes
AB741,c25k86,Big,D,1093,119,56,no
AB742,c25k87,Big,D,1030,149,50,yes
AB744,c25k88,Big,D,1370,182,77,no
AB745,c25k89,Big,D,1220,119,63,no
AB746,c25k90,Big,D,1090,105,55,yes
AB747,c25k91,Big,D,1280,145,65,yes
AB748,c25k92,Big,D,1300,172,68,yes
AB749,c25k93,Big,D,1911,263,196,yes
AB766,c25k94,Big,D,1110,93,58,yes
AB767,c25k95,Big,D,1300,176,68,yes
AB799,c25k96,Big,D,1094,131,56,no
AB862,c25k97,Big,E,1010,132,50,yes
AB863,c25k98,Big,E,1565,162,109,no
AB864,c25k99,Big,E,1360,126,73,yes
AB878,c26k1,Big,E,1008,76,50,no
AB891,c26k2,Big,E,1040,118,52,no
AB892,c26k3,Big,E,1084,92,54,yes
AB893,c26k4,Big,E,1551,168,107,no
AB904,c26k5,Big,E,1035,86,51,yes
AB905,c26k6,Big,E,1405,110,83,no
AB906,c26k7,Big,E,1250,100,64,yes
AB908,c26k8,Big,E,1305,150,70,yes
AB912,c26k9,Big,E,1088,133,55,no
AB916,c26k10,Big,E,1161,157,62,no
AB932,c26k11,Big,E,1360,104,72,yes
AB953,c26k12,Big,E,1085,116,54,no
AB956,c26k13,Big,E,1040,78,51,yes
AB957,c26k14,Big,E,1220,163,63,no
AB983,c26k15,Big,E,1030,145,51,yes
AB984,c26k16,Big,E,1020,89,50,yes
AB985,c26k17,Big,E,1077,91,54,no
AB986,c26k18,Big,E,1297,161,67,no
AB987,c26k19,Big,E,1640,225,169,yes
AB988,c26k20,Big,E,1860,253,176,yes
